stay_date,hotel_name,room_name,room_type,guest_name,guest_email,guest_phone
2024-08-24,Hotel 3,Room 2,Double,User 2,user2@example.com,+1-800-555-0002
2024-08-23,Hotel 4,Room 3,Single,User 3,user3@example.com,+1-800-555-0003
2024-08-22,Hotel 5,Room 4,Double,User 4,user4@example.com,+1-800-555-0004
2024-08-21,Hotel 6,Room 5,Double,User 5,user5@example.com,+1-800-555-0005
2024-08-20,Hotel 7,Room 6,Single,User 6,user6@example.com,+1-800-555-0006
2024-08-19,Hotel 8,Room 7,Double,User 7,user7@example.com,+1-800-555-0007
2024-08-18,Hotel 9,Room 8,Double,User 8,user8@example.com,+1-800-555-0008
2024-08-17,Hotel 10,Room 9,Single,User 9,user9@example.com,+1-800-555-0009
2024-08-16,Hotel 11,Room 10,Double,User 10,user10@example.com,+1-800-555-0010
2024-08-15,Hotel 12,Room 11,Double,User 11,user11@example.com,+1-800-555-0011
2024-08-14,Hotel 13,Room 12,Single,User 12,user12@example.com,+1-800-555-0012
2024-08-13,Hotel 14,Room 13,Double,User 13,user13@example.com,+1-800-555-0013
2024-08-12,Hotel 15,Room 14,Double,User 14,user14@example.com,+1-800-555-0014
2024-08-11,Hotel 16,Room 15,Single,User 15,user15@example.com,+1-800-555-0015
2024-08-10,Hotel 17,Room 16,Double,User 16,user16@example.com,+1-800-555-0016
2024-08-09,Hotel 18,Room 17,Double,User 17,user17@example.com,+1-800-555-0017
2024-08-08,Hotel 19,Room 18,Single,User 18,user18@example.com,+1-800-555-0018
2024-08-07,Hotel 20,Room 19,Double,User 19,user19@example.com,+1-800-555-0019
2024-08-06,Hotel 21,Room 20,Double,User 20,user20@example.com,+1-800-555-0020
2024-08-05,Hotel 22,Room 21,Single,User 21,user21@example.com,+1-800-555-0021
2024-08-04,Hotel 23,Room 22,Double,User 22,user22@example.com,+1-800-555-0022
2024-08-03,Hotel 24,Room 23,Double,User 23,user23@example.com,+1-800-555-0023
2024-08-02,Hotel 25,Room 24,Single,User 24,user24@example.com,+1-800-555-0024
2024-08-01,Hotel 26,Room 25,Double,User 25,user25@example.com,+1-800-555-0025
2024-07-31,Hotel 27,Room 26,Double,User 26,user26@example.com,+1-800-555-0026
2024-07-30,Hotel 28,Room 27,Single,User 27,user27@example.com,+1-800-555-0027
2024-07-29,Hotel 29,Room 28,Double,User 28,user28@example.com,+1-800-555-0028
2024-07-28,Hotel 30,Room 29,Double,User 29,user29@example.com,+1-800-555-0029
2024-07-27,Hotel 31,Room 30,Single,User 30,user30@example.com,+1-800-555-0030
2024-07-26,Hotel 32,Room 31,Double,User 31,user31@example.com,+1-800-555-0031
2024-07-25,Hotel 33,Room 32,Double,User 32,user32@example.com,+1-800-555-0032
2024-07-24,Hotel 34,Room 33,Single,User 33,user33@example.com,+1-800-555-0033
2024-07-23,Hotel 35,Room 34,Double,User 34,user34@example.com,+1-800-555-0034
2024-07-22,Hotel 36,Room 35,Double,User 35,user35@example.com,+1-800-555-0035
2024-07-21,Hotel 37,Room 36,Single,User 36,user36@example.com,+1-800-555-0036
2024-07-20,Hotel 38,Room 37,Double,User 37,user37@example.com,+1-800-555-0037
2024-07-19,Hotel 39,Room 38,Double,User 38,user38@example.com,+1-800-555-0038
2024-07-18,Hotel 40,Room 39,Single,User 39,user39@example.com,+1-800-555-0039
2024-07-17,Hotel 41,Room 40,Double,User 40,user40@example.com,+1-800-555-0040
2024-07-16,Hotel 42,Room 41,Double,User 41,user41@example.com,+1-800-555-0041
2024-07-15,Hotel 43,Room 42,Single,User 42,user42@example.com,+1-800-555-0042
2024-07-14,Hotel 44,Room 43,Double,User 43,user43@example.com,+1-800-555-0043
2024-07-13,Hotel 45,Room 44,Double,User 44,user44@example.com,+1-800-555-0044
2024-07-12,Hotel 46,Room 45,Single,User 45,user45@example.com,+1-800-555-0045
2024-07-11,Hotel 47,Room 46,Double,User 46,user46@example.com,+1-800-555-0046
2024-07-10,Hotel 48,Room 47,Double,User 47,user47@example.com,+1-800-555-0047
2024-07-09,Hotel 49,Room 48,Single,User 48,user48@example.com,+1-800-555-0048
2024-07-08,Hotel 50,Room 49,Double,User 49,user49@example.com,+1-800-555-0049
2024-07-07,Hotel 1,Room 50,Double,User 50,user50@example.com,+1-800-555-0050
2024-07-06,Hotel 2,Room 51,Single,User 51,user51@example.com,+1-800-555-0051
2024-07-05,Hotel 3,Room 52,Double,User 52,user52@example.com,+1-800-555-0052
2024-07-04,Hotel 4,Room 53,Double,User 53,user53@example.com,+1-800-555-0053
2024-07-03,Hotel 5,Room 54,Single,User 54,user54@example.com,+1-800-555-0054
2024-07-02,Hotel 6,Room 55,Double,User 55,user55@example.com,+1-800-555-0055
2024-07-01,Hotel 7,Room 56,Double,User 56,user56@example.com,+1-800-555-0056
2024-06-30,Hotel 8,Room 57,Single,User 57,user57@example.com,+1-800-555-0057
2024-06-29,Hotel 9,Room 58,Double,User 58,user58@example.com,+1-800-555-0058
2024-06-28,Hotel 10,Room 59,Double,User 59,user59@example.com,+1-800-555-0059
2024-06-27,Hotel 11,Room 60,Single,User 60,user60@example.com,+1-800-555-0060
2024-06-26,Hotel 12,Room 61,Double,User 61,user61@example.com,+1-800-555-0061
2024-06-25,Hotel 13,Room 62,Double,User 62,user62@example.com,+1-800-555-0062
2024-06-24,Hotel 14,Room 63,Single,User 63,user63@example.com,+1-800-555-0063
2024-06-23,Hotel 15,Room 64,Double,User 64,user64@example.com,+1-800-555-0064
2024-06-22,Hotel 16,Room 65,Double,User 65,user65@example.com,+1-800-555-0065
2024-06-21,Hotel 17,Room 66,Single,User 66,user66@example.com,+1-800-555-0066
2024-06-20,Hotel 18,Room 67,Double,User 67,user67@example.com,+1-800-555-0067
2024-06-19,Hotel 19,Room 68,Double,User 68,user68@example.com,+1-800-555-0068
2024-06-18,Hotel 20,Room 69,Single,User 69,user69@example.com,+1-800-555-0069
2024-06-17,Hotel 21,Room 70,Double,User 70,user70@example.com,+1-800-555-0070
2024-06-16,Hotel 22,Room 71,Double,User 71,user71@example.com,+1-800-555-0071
2024-06-15,Hotel 23,Room 72,Single,User 72,user72@example.com,+1-800-555-0072
2024-06-14,Hotel 24,Room 73,Double,User 73,user73@example.com,+1-800-555-0073
2024-06-13,Hotel 25,Room 74,Double,User 74,user74@example.com,+1-800-555-0074
2024-06-12,Hotel 26,Room 75,Single,User 75,user75@example.com,+1-800-555-0075
2024-06-11,Hotel 27,Room 76,Double,User 76,user76@example.com,+1-800-555-0076
2024-06-10,Hotel 28,Room 77,Double,User 77,user77@example.com,+1-800-555-0077
2024-06-09,Hotel 29,Room 78,Single,User 78,user78@example.com,+1-800-555-0078
2024-06-08,Hotel 30,Room 79,Double,User 79,user79@example.com,+1-800-555-0079
2024-06-07,Hotel 31,Room 80,Double,User 80,user80@example.com,+1-800-555-0080
2024-06-06,Hotel 32,Room 81,Single,User 81,user81@example.com,+1-800-555-0081
2024-06-05,Hotel 33,Room 82,Double,User 82,user82@example.com,+1-800-555-0082
2024-06-04,Hotel 34,Room 83,Double,User 83,user83@example.com,+1-800-555-0083
2024-06-03,Hotel 35,Room 84,Single,User 84,user84@example.com,+1-800-555-0084
2024-06-02,Hotel 36,Room 85,Double,User 85,user85@example.com,+1-800-555-0085
2024-06-01,Hotel 37,Room 86,Double,User 86,user86@example.com,+1-800-555-0086
2024-05-31,Hotel 38,Room 87,Single,User 87,user87@example.com,+1-800-555-0087
2024-05-30,Hotel 39,Room 88,Double,User 88,user88@example.com,+1-800-555-0088
2024-05-29,Hotel 40,Room 89,Double,User 89,user89@example.com,+1-800-555-0089
2024-05-28,Hotel 41,Room 90,Single,User 90,user90@example.com,+1-800-555-0090
2024-05-27,Hotel 42,Room 91,Double,User 91,user91@example.com,+1-800-555-0091
2024-05-26,Hotel 43,Room 92,Double,User 92,user92@example.com,+1-800-555-0092
2024-05-25,Hotel 44,Room 93,Single,User 93,user93@example.com,+1-800-555-0093
2024-05-24,Hotel 45,Room 94,Double,User 94,user94@example.com,+1-800-555-0094
2024-05-23,Hotel 46,Room 95,Double,User 95,user95@example.com,+1-800-555-0095
2024-05-22,Hotel 47,Room 96,Single,User 96,user96@example.com,+1-800-555-0096
2024-05-21,Hotel 48,Room 97,Double,User 97,user97@example.com,+1-800-555-0097
2024-05-20,Hotel 49,Room 98,Double,User 98,user98@example.com,+1-800-555-0098
2024-05-19,Hotel 50,Room 99,Single,User 99,user99@example.com,+1-800-555-0099
2024-05-18,Hotel 1,Room 100,Double,User 100,user100@example.com,+1-800-555-0100
2024-05-17,Hotel 2,Room 101,Double,User 101,user101@example.com,+1-800-555-0101
2024-05-16,Hotel 3,Room 102,Single,User 102,user102@example.com,+1-800-555-0102
2024-05-15,Hotel 4,Room 103,Double,User 103,user103@example.com,+1-800-555-0103
2024-05-14,Hotel 5,Room 104,Double,User 104,user104@example.com,+1-800-555-0104
2024-05-13,Hotel 6,Room 105,Single,User 105,user105@example.com,+1-800-555-0105
2024-05-12,Hotel 7,Room 106,Double,User 106,user106@example.com,+1-800-555-0106
2024-05-11,Hotel 8,Room 107,Double,User 107,user107@example.com,+1-800-555-0107
2024-05-10,Hotel 9,Room 108,Single,User 108,user108@example.com,+1-800-555-0108
2024-05-09,Hotel 10,Room 109,Double,User 109,user109@example.com,+1-800-555-0109
2024-05-08,Hotel 11,Room 110,Double,User 110,user110@example.com,+1-800-555-0110
2024-05-07,Hotel 12,Room 111,Single,User 111,user111@example.com,+1-800-555-0111
2024-05-06,Hotel 13,Room 112,Double,User 112,user112@example.com,+1-800-555-0112
2024-05-05,Hotel 14,Room 113,Double,User 113,user113@example.com,+1-800-555-0113
2024-05-04,Hotel 15,Room 114,Single,User 114,user114@example.com,+1-800-555-0114
2024-05-03,Hotel 16,Room 115,Double,User 115,user115@example.com,+1-800-555-0115
2024-05-02,Hotel 17,Room 116,Double,User 116,user116@example.com,+1-800-555-0116
2024-05-01,Hotel 18,Room 117,Single,User 117,user117@example.com,+1-800-555-0117
2024-04-30,Hotel 19,Room 118,Double,User 118,user118@example.com,+1-800-555-0118
2024-04-29,Hotel 20,Room 119,Double,User 119,user119@example.com,+1-800-555-0119
2024-04-28,Hotel 21,Room 120,Single,User 120,user120@example.com,+1-800-555-0120
2024-04-27,Hotel 22,Room 121,Double,User 121,user121@example.com,+1-800-555-0121
2024-04-26,Hotel 23,Room 122,Double,User 122,user122@example.com,+1-800-555-0122
2024-04-25,Hotel 24,Room 123,Single,User 123,user123@example.com,+1-800-555-0123
2024-04-24,Hotel 25,Room 124,Double,User 124,user124@example.com,+1-800-555-0124
2024-04-23,Hotel 26,Room 125,Double,User 125,user125@example.com,+1-800-555-0125
2024-04-22,Hotel 27,Room 126,Single,User 126,user126@example.com,+1-800-555-0126
2024-04-21,Hotel 28,Room 127,Double,User 127,user127@example.com,+1-800-555-0127
2024-04-20,Hotel 29,Room 128,Double,User 128,user128@example.com,+1-800-555-0128
2024-04-19,Hotel 30,Room 129,Single,User 129,user129@example.com,+1-800-555-0129
2024-04-18,Hotel 31,Room 130,Double,User 130,user130@example.com,+1-800-555-0130
2024-04-17,Hotel 32,Room 131,Double,User 131,user131@example.com,+1-800-555-0131
2024-04-16,Hotel 33,Room 132,Single,User 132,user132@example.com,+1-800-555-0132
2024-04-15,Hotel 34,Room 133,Double,User 133,user133@example.com,+1-800-555-0133
2024-04-14,Hotel 35,Room 134,Double,User 134,user134@example.com,+1-800-555-0134
2024-04-13,Hotel 36,Room 135,Single,User 135,user135@example.com,+1-800-555-0135
2024-04-12,Hotel 37,Room 136,Double,User 136,user136@example.com,+1-800-555-0136
2024-04-11,Hotel 38,Room 137,Double,User 137,user137@example.com,+1-800-555-0137
2024-04-10,Hotel 39,Room 138,Single,User 138,user138@example.com,+1-800-555-0138
2024-04-09,Hotel 40,Room 139,Double,User 139,user139@example.com,+1-800-555-0139
2024-04-08,Hotel 41,Room 140,Double,User 140,user140@example.com,+1-800-555-0140
2024-04-07,Hotel 42,Room 141,Single,User 141,user141@example.com,+1-800-555-0141
2024-04-06,Hotel 43,Room 142,Double,User 142,user142@example.com,+1-800-555-0142
2024-04-05,Hotel 44,Room 143,Double,User 143,user143@example.com,+1-800-555-0143
2024-04-04,Hotel 45,Room 144,Single,User 144,user144@example.com,+1-800-555-0144
2024-04-03,Hotel 46,Room 145,Double,User 145,user145@example.com,+1-800-555-0145
2024-04-02,Hotel 47,Room 146,Double,User 146,user146@example.com,+1-800-555-0146
2024-04-01,Hotel 48,Room 147,Single,User 147,user147@example.com,+1-800-555-0147
2024-03-31,Hotel 49,Room 148,Double,User 148,user148@example.com,+1-800-555-0148
2024-03-30,Hotel 50,Room 149,Double,User 149,user149@example.com,+1-800-555-0149
2024-03-29,Hotel 1,Room 150,Single,User 150,user150@example.com,+1-800-555-0150
2024-03-28,Hotel 2,Room 151,Double,User 151,user151@example.com,+1-800-555-0151
2024-03-27,Hotel 3,Room 152,Double,User 152,user152@example.com,+1-800-555-0152
2024-03-26,Hotel 4,Room 153,Single,User 153,user153@example.com,+1-800-555-0153
2024-03-25,Hotel 5,Room 154,Double,User 154,user154@example.com,+1-800-555-0154
2024-03-24,Hotel 6,Room 155,Double,User 155,user155@example.com,+1-800-555-0155
2024-03-23,Hotel 7,Room 156,Single,User 156,user156@example.com,+1-800-555-0156
2024-03-22,Hotel 8,Room 157,Double,User 157,user157@example.com,+1-800-555-0157
2024-03-21,Hotel 9,Room 158,Double,User 158,user158@example.com,+1-800-555-0158
2024-03-20,Hotel 10,Room 159,Single,User 159,user159@example.com,+1-800-555-0159
2024-03-19,Hotel 11,Room 160,Double,User 160,user160@example.com,+1-800-555-0160
2024-03-18,Hotel 12,Room 161,Double,User 161,user161@example.com,+1-800-555-0161
2024-03-17,Hotel 13,Room 162,Single,User 162,user162@example.com,+1-800-555-0162
2024-03-16,Hotel 14,Room 163,Double,User 163,user163@example.com,+1-800-555-0163
2024-03-15,Hotel 15,Room 164,Double,User 164,user164@example.com,+1-800-555-0164
2024-03-14,Hotel 16,Room 165,Single,User 165,user165@example.com,+1-800-555-0165
2024-03-13,Hotel 17,Room 166,Double,User 166,user166@example.com,+1-800-555-0166
2024-03-12,Hotel 18,Room 167,Double,User 167,user167@example.com,+1-800-555-0167
2024-03-11,Hotel 19,Room 168,Single,User 168,user168@example.com,+1-800-555-0168
2024-03-10,Hotel 20,Room 169,Double,User 169,user169@example.com,+1-800-555-0169
2024-03-09,Hotel 21,Room 170,Double,User 170,user170@example.com,+1-800-555-0170
2024-03-08,Hotel 22,Room 171,Single,User 171,user171@example.com,+1-800-555-0171
2024-03-07,Hotel 23,Room 172,Double,User 172,user172@example.com,+1-800-555-0172
2024-03-06,Hotel 24,Room 173,Double,User 173,user173@example.com,+1-800-555-0173
2024-03-05,Hotel 25,Room 174,Single,User 174,user174@example.com,+1-800-555-0174
2024-03-04,Hotel 26,Room 175,Double,User 175,user175@example.com,+1-800-555-0175
2024-03-03,Hotel 27,Room 176,Double,User 176,user176@example.com,+1-800-555-0176
2024-03-02,Hotel 28,Room 177,Single,User 177,user177@example.com,+1-800-555-0177
2024-03-01,Hotel 29,Room 178,Double,User 178,user178@example.com,+1-800-555-0178
2024-02-29,Hotel 30,Room 179,Double,User 179,user179@example.com,+1-800-555-0179
2024-02-28,Hotel 31,Room 180,Single,User 180,user180@example.com,+1-800-555-0180
2024-02-27,Hotel 32,Room 181,Double,User 181,user181@example.com,+1-800-555-0181
2024-02-26,Hotel 33,Room 182,Double,User 182,user182@example.com,+1-800-555-0182
2024-02-25,Hotel 34,Room 183,Single,User 183,user183@example.com,+1-800-555-0183
2024-02-24,Hotel 35,Room 184,Double,User 184,user184@example.com,+1-800-555-0184
2024-02-23,Hotel 36,Room 185,Double,User 185,user185@example.com,+1-800-555-0185
2024-02-22,Hotel 37,Room 186,Single,User 186,user186@example.com,+1-800-555-0186
2024-02-21,Hotel 38,Room 187,Double,User 187,user187@example.com,+1-800-555-0187
2024-02-20,Hotel 39,Room 188,Double,User 188,user188@example.com,+1-800-555-0188
2024-02-19,Hotel 40,Room 189,Single,User 189,user189@example.com,+1-800-555-0189
2024-02-18,Hotel 41,Room 190,Double,User 190,user190@example.com,+1-800-555-0190
2024-02-17,Hotel 42,Room 191,Double,User 191,user191@example.com,+1-800-555-0191
2024-02-16,Hotel 43,Room 192,Single,User 192,user192@example.com,+1-800-555-0192
2024-02-15,Hotel 44,Room 193,Double,User 193,user193@example.com,+1-800-555-0193
2024-02-14,Hotel 45,Room 194,Double,User 194,user194@example.com,+1-800-555-0194
2024-02-13,Hotel 46,Room 195,Single,User 195,user195@example.com,+1-800-555-0195
2024-02-12,Hotel 47,Room 196,Double,User 196,user196@example.com,+1-800-555-0196
2024-02-11,Hotel 48,Room 197,Double,User 197,user197@example.com,+1-800-555-0197
2024-02-10,Hotel 49,Room 198,Single,User 198,user198@example.com,+1-800-555-0198
2024-02-09,Hotel 50,Room 199,Double,User 199,user199@example.com,+1-800-555-0199
2024-02-08,Hotel 1,Room 200,Double,User 200,user200@example.com,+1-800-555-0200
2024-02-07,Hotel 2,Room 201,Single,User 201,user201@example.com,+1-800-555-0201
2024-02-06,Hotel 3,Room 202,Double,User 202,user202@example.com,+1-800-555-0202
2024-02-05,Hotel 4,Room 203,Double,User 203,user203@example.com,+1-800-555-0203
2024-02-04,Hotel 5,Room 204,Single,User 204,user204@example.com,+1-800-555-0204
2024-02-03,Hotel 6,Room 205,Double,User 205,user205@example.com,+1-800-555-0205
2024-02-02,Hotel 7,Room 206,Double,User 206,user206@example.com,+1-800-555-0206
2024-02-01,Hotel 8,Room 207,Single,User 207,user207@example.com,+1-800-555-0207
2024-01-31,Hotel 9,Room 208,Double,User 208,user208@example.com,+1-800-555-0208
2024-01-30,Hotel 10,Room 209,Double,User 209,user209@example.com,+1-800-555-0209
2024-01-29,Hotel 11,Room 210,Single,User 210,user210@example.com,+1-800-555-0210
2024-01-28,Hotel 12,Room 211,Double,User 211,user211@example.com,+1-800-555-0211
2024-01-27,Hotel 13,Room 212,Double,User 212,user212@example.com,+1-800-555-0212
2024-01-26,Hotel 14,Room 213,Single,User 213,user213@example.com,+1-800-555-0213
2024-01-25,Hotel 15,Room 214,Double,User 214,user214@example.com,+1-800-555-0214
2024-01-24,Hotel 16,Room 215,Double,User 215,user215@example.com,+1-800-555-0215
2024-01-23,Hotel 17,Room 216,Single,User 216,user216@example.com,+1-800-555-0216
2024-01-22,Hotel 18,Room 217,Double,User 217,user217@example.com,+1-800-555-0217
2024-01-21,Hotel 19,Room 218,Double,User 218,user218@example.com,+1-800-555-0218
2024-01-20,Hotel 20,Room 219,Single,User 219,user219@example.com,+1-800-555-0219
2024-01-19,Hotel 21,Room 220,Double,User 220,user220@example.com,+1-800-555-0220
2024-01-18,Hotel 22,Room 221,Double,User 221,user221@example.com,+1-800-555-0221
2024-01-17,Hotel 23,Room 222,Single,User 222,user222@example.com,+1-800-555-0222
2024-01-16,Hotel 24,Room 223,Double,User 223,user223@example.com,+1-800-555-0223
2024-01-15,Hotel 25,Room 224,Double,User 224,user224@example.com,+1-800-555-0224
2024-01-14,Hotel 26,Room 225,Single,User 225,user225@example.com,+1-800-555-0225
2024-01-13,Hotel 27,Room 226,Double,User 226,user226@example.com,+1-800-555-0226
2024-01-12,Hotel 28,Room 227,Double,User 227,user227@example.com,+1-800-555-0227
2024-01-11,Hotel 29,Room 228,Single,User 228,user228@example.com,+1-800-555-0228
2024-01-10,Hotel 30,Room 229,Double,User 229,user229@example.com,+1-800-555-0229
2024-01-09,Hotel 31,Room 230,Double,User 230,user230@example.com,+1-800-555-0230
2024-01-08,Hotel 32,Room 231,Single,User 231,user231@example.com,+1-800-555-0231
2024-01-07,Hotel 33,Room 232,Double,User 232,user232@example.com,+1-800-555-0232
2024-01-06,Hotel 34,Room 233,Double,User 233,user233@example.com,+1-800-555-0233
2024-01-05,Hotel 35,Room 234,Single,User 234,user234@example.com,+1-800-555-0234
2024-01-04,Hotel 36,Room 235,Double,User 235,user235@example.com,+1-800-555-0235
2024-01-03,Hotel 37,Room 236,Double,User 236,user236@example.com,+1-800-555-0236
2024-01-02,Hotel 38,Room 237,Single,User 237,user237@example.com,+1-800-555-0237
2024-01-01,Hotel 39,Room 238,Double,User 238,user238@example.com,+1-800-555-0238
2023-12-31,Hotel 40,Room 239,Double,User 239,user239@example.com,+1-800-555-0239
2023-12-30,Hotel 41,Room 240,Single,User 240,user240@example.com,+1-800-555-0240
2023-12-29,Hotel 42,Room 241,Double,User 241,user241@example.com,+1-800-555-0241
2023-12-28,Hotel 43,Room 242,Double,User 242,user242@example.com,+1-800-555-0242
2023-12-27,Hotel 44,Room 243,Single,User 243,user243@example.com,+1-800-555-0243
2023-12-26,Hotel 45,Room 244,Double,User 244,user244@example.com,+1-800-555-0244
2023-12-25,Hotel 46,Room 245,Double,User 245,user245@example.com,+1-800-555-0245
2023-12-24,Hotel 47,Room 246,Single,User 246,user246@example.com,+1-800-555-0246
2023-12-23,Hotel 48,Room 247,Double,User 247,user247@example.com,+1-800-555-0247
2023-12-22,Hotel 49,Room 248,Double,User 248,user248@example.com,+1-800-555-0248
2023-12-21,Hotel 50,Room 249,Single,User 249,user249@example.com,+1-800-555-0249
2023-12-20,Hotel 1,Room 250,Double,User 250,user250@example.com,+1-800-555-0250
2023-12-19,Hotel 2,Room 251,Double,User 251,user251@example.com,+1-800-555-0251
2023-12-18,Hotel 3,Room 252,Single,User 252,user252@example.com,+1-800-555-0252
2023-12-17,Hotel 4,Room 253,Double,User 253,user253@example.com,+1-800-555-0253
2023-12-16,Hotel 5,Room 254,Double,User 254,user254@example.com,+1-800-555-0254
2023-12-15,Hotel 6,Room 255,Single,User 255,user255@example.com,+1-800-555-0255
2023-12-14,Hotel 7,Room 256,Double,User 256,user256@example.com,+1-800-555-0256
2023-12-13,Hotel 8,Room 257,Double,User 257,user257@example.com,+1-800-555-0257
2023-12-12,Hotel 9,Room 258,Single,User 258,user258@example.com,+1-800-555-0258
2023-12-11,Hotel 10,Room 259,Double,User 259,user259@example.com,+1-800-555-0259
2023-12-10,Hotel 11,Room 260,Double,User 260,user260@example.com,+1-800-555-0260
2023-12-09,Hotel 12,Room 261,Single,User 261,user261@example.com,+1-800-555-0261
2023-12-08,Hotel 13,Room 262,Double,User 262,user262@example.com,+1-800-555-0262
2023-12-07,Hotel 14,Room 263,Double,User 263,user263@example.com,+1-800-555-0263
2023-12-06,Hotel 15,Room 264,Single,User 264,user264@example.com,+1-800-555-0264
2023-12-05,Hotel 16,Room 265,Double,User 265,user265@example.com,+1-800-555-0265
2023-12-04,Hotel 17,Room 266,Double,User 266,user266@example.com,+1-800-555-0266
2023-12-03,Hotel 18,Room 267,Single,User 267,user267@example.com,+1-800-555-0267
2023-12-02,Hotel 19,Room 268,Double,User 268,user268@example.com,+1-800-555-0268
2023-12-01,Hotel 20,Room 269,Double,User 269,user269@example.com,+1-800-555-0269
2023-11-30,Hotel 21,Room 270,Single,User 270,user270@example.com,+1-800-555-0270
2023-11-29,Hotel 22,Room 271,Double,User 271,user271@example.com,+1-800-555-0271
2023-11-28,Hotel 23,Room 272,Double,User 272,user272@example.com,+1-800-555-0272
2023-11-27,Hotel 24,Room 273,Single,User 273,user273@example.com,+1-800-555-0273
2023-11-26,Hotel 25,Room 274,Double,User 274,user274@example.com,+1-800-555-0274
2023-11-25,Hotel 26,Room 275,Double,User 275,user275@example.com,+1-800-555-0275
2023-11-24,Hotel 27,Room 276,Single,User 276,user276@example.com,+1-800-555-0276
2023-11-23,Hotel 28,Room 277,Double,User 277,user277@example.com,+1-800-555-0277
2023-11-22,Hotel 29,Room 278,Double,User 278,user278@example.com,+1-800-555-0278
2023-11-21,Hotel 30,Room 279,Single,User 279,user279@example.com,+1-800-555-0279
2023-11-20,Hotel 31,Room 280,Double,User 280,user280@example.com,+1-800-555-0280
2023-11-19,Hotel 32,Room 281,Double,User 281,user281@example.com,+1-800-555-0281
2023-11-18,Hotel 33,Room 282,Single,User 282,user282@example.com,+1-800-555-0282
2023-11-17,Hotel 34,Room 283,Double,User 283,user283@example.com,+1-800-555-0283
2023-11-16,Hotel 35,Room 284,Double,User 284,user284@example.com,+1-800-555-0284
2023-11-15,Hotel 36,Room 285,Single,User 285,user285@example.com,+1-800-555-0285
2023-11-14,Hotel 37,Room 286,Double,User 286,user286@example.com,+1-800-555-0286
2023-11-13,Hotel 38,Room 287,Double,User 287,user287@example.com,+1-800-555-0287
2023-11-12,Hotel 39,Room 288,Single,User 288,user288@example.com,+1-800-555-0288
2023-11-11,Hotel 40,Room 289,Double,User 289,user289@example.com,+1-800-555-0289
2023-11-10,Hotel 41,Room 290,Double,User 290,user290@example.com,+1-800-555-0290
2023-11-09,Hotel 42,Room 291,Single,User 291,user291@example.com,+1-800-555-0291
2023-11-08,Hotel 43,Room 292,Double,User 292,user292@example.com,+1-800-555-0292
2023-11-07,Hotel 44,Room 293,Double,User 293,user293@example.com,+1-800-555-0293
2023-11-06,Hotel 45,Room 294,Single,User 294,user294@example.com,+1-800-555-0294
2023-11-05,Hotel 46,Room 295,Double,User 295,user295@example.com,+1-800-555-0295
2023-11-04,Hotel 47,Room 296,Double,User 296,user296@example.com,+1-800-555-0296
2023-11-03,Hotel 48,Room 297,Single,User 297,user297@example.com,+1-800-555-0297
2023-11-02,Hotel 49,Room 298,Double,User 298,user298@example.com,+1-800-555-0298
2023-11-01,Hotel 50,Room 299,Double,User 299,user299@example.com,+1-800-555-0299
2023-10-31,Hotel 1,Room 300,Single,User 300,user300@example.com,+1-800-555-0300
2023-10-30,Hotel 2,Room 301,Double,User 301,user301@example.com,+1-800-555-0301
2023-10-29,Hotel 3,Room 302,Double,User 302,user302@example.com,+1-800-555-0302
2023-10-28,Hotel 4,Room 303,Single,User 303,user303@example.com,+1-800-555-0303
2023-10-27,Hotel 5,Room 304,Double,User 304,user304@example.com,+1-800-555-0304
2023-10-26,Hotel 6,Room 305,Double,User 305,user305@example.com,+1-800-555-0305
2023-10-25,Hotel 7,Room 306,Single,User 306,user306@example.com,+1-800-555-0306
2023-10-24,Hotel 8,Room 307,Double,User 307,user307@example.com,+1-800-555-0307
2023-10-23,Hotel 9,Room 308,Double,User 308,user308@example.com,+1-800-555-0308
2023-10-22,Hotel 10,Room 309,Single,User 309,user309@example.com,+1-800-555-0309
2023-10-21,Hotel 11,Room 310,Double,User 310,user310@example.com,+1-800-555-0310
2023-10-20,Hotel 12,Room 311,Double,User 311,user311@example.com,+1-800-555-0311
2023-10-19,Hotel 13,Room 312,Single,User 312,user312@example.com,+1-800-555-0312
2023-10-18,Hotel 14,Room 313,Double,User 313,user313@example.com,+1-800-555-0313
2023-10-17,Hotel 15,Room 314,Double,User 314,user314@example.com,+1-800-555-0314
2023-10-16,Hotel 16,Room 315,Single,User 315,user315@example.com,+1-800-555-0315
2023-10-15,Hotel 17,Room 316,Double,User 316,user316@example.com,+1-800-555-0316
2023-10-14,Hotel 18,Room 317,Double,User 317,user317@example.com,+1-800-555-0317
2023-10-13,Hotel 19,Room 318,Single,User 318,user318@example.com,+1-800-555-0318
2023-10-12,Hotel 20,Room 319,Double,User 319,user319@example.com,+1-800-555-0319
2023-10-11,Hotel 21,Room 320,Double,User 320,user320@example.com,+1-800-555-0320
2023-10-10,Hotel 22,Room 321,Single,User 321,user321@example.com,+1-800-555-0321
2023-10-09,Hotel 23,Room 322,Double,User 322,user322@example.com,+1-800-555-0322
2023-10-08,Hotel 24,Room 323,Double,User 323,user323@example.com,+1-800-555-0323
2023-10-07,Hotel 25,Room 324,Single,User 324,user324@example.com,+1-800-555-0324
2023-10-06,Hotel 26,Room 325,Double,User 325,user325@example.com,+1-800-555-0325
2023-10-05,Hotel 27,Room 326,Double,User 326,user326@example.com,+1-800-555-0326
2023-10-04,Hotel 28,Room 327,Single,User 327,user327@example.com,+1-800-555-0327
2023-10-03,Hotel 29,Room 328,Double,User 328,user328@example.com,+1-800-555-0328
2023-10-02,Hotel 30,Room 329,Double,User 329,user329@example.com,+1-800-555-0329
2023-10-01,Hotel 31,Room 330,Single,User 330,user330@example.com,+1-800-555-0330
2023-09-30,Hotel 32,Room 331,Double,User 331,user331@example.com,+1-800-555-0331
2023-09-29,Hotel 33,Room 332,Double,User 332,user332@example.com,+1-800-555-0332
2023-09-28,Hotel 34,Room 333,Single,User 333,user333@example.com,+1-800-555-0333
2023-09-27,Hotel 35,Room 334,Double,User 334,user334@example.com,+1-800-555-0334
2023-09-26,Hotel 36,Room 335,Double,User 335,user335@example.com,+1-800-555-0335
2023-09-25,Hotel 37,Room 336,Single,User 336,user336@example.com,+1-800-555-0336
2023-09-24,Hotel 38,Room 337,Double,User 337,user337@example.com,+1-800-555-0337
2023-09-23,Hotel 39,Room 338,Double,User 338,user338@example.com,+1-800-555-0338
2023-09-22,Hotel 40,Room 339,Single,User 339,user339@example.com,+1-800-555-0339
2023-09-21,Hotel 41,Room 340,Double,User 340,user340@example.com,+1-800-555-0340
2023-09-20,Hotel 42,Room 341,Double,User 341,user341@example.com,+1-800-555-0341
2023-09-19,Hotel 43,Room 342,Single,User 342,user342@example.com,+1-800-555-0342
2023-09-18,Hotel 44,Room 343,Double,User 343,user343@example.com,+1-800-555-0343
2023-09-17,Hotel 45,Room 344,Double,User 344,user344@example.com,+1-800-555-0344
2023-09-16,Hotel 46,Room 345,Single,User 345,user345@example.com,+1-800-555-0345
2023-09-15,Hotel 47,Room 346,Double,User 346,user346@example.com,+1-800-555-0346
2023-09-14,Hotel 48,Room 347,Double,User 347,user347@example.com,+1-800-555-0347
2023-09-13,Hotel 49,Room 348,Single,User 348,user348@example.com,+1-800-555-0348
2023-09-12,Hotel 50,Room 349,Double,User 349,user349@example.com,+1-800-555-0349
2023-09-11,Hotel 1,Room 350,Double,User 350,user350@example.com,+1-800-555-0350
2023-09-10,Hotel 2,Room 351,Single,User 351,user351@example.com,+1-800-555-0351
2023-09-09,Hotel 3,Room 352,Double,User 352,user352@example.com,+1-800-555-0352
2023-09-08,Hotel 4,Room 353,Double,User 353,user353@example.com,+1-800-555-0353
2023-09-07,Hotel 5,Room 354,Single,User 354,user354@example.com,+1-800-555-0354
2023-09-06,Hotel 6,Room 355,Double,User 355,user355@example.com,+1-800-555-0355
2023-09-05,Hotel 7,Room 356,Double,User 356,user356@example.com,+1-800-555-0356
2023-09-04,Hotel 8,Room 357,Single,User 357,user357@example.com,+1-800-555-0357
2023-09-03,Hotel 9,Room 358,Double,User 358,user358@example.com,+1-800-555-0358
2023-09-02,Hotel 10,Room 359,Double,User 359,user359@example.com,+1-800-555-0359
2023-09-01,Hotel 11,Room 360,Single,User 360,user360@example.com,+1-800-555-0360
2023-08-31,Hotel 12,Room 361,Double,User 361,user361@example.com,+1-800-555-0361
2023-08-30,Hotel 13,Room 362,Double,User 362,user362@example.com,+1-800-555-0362
2023-08-29,Hotel 14,Room 363,Single,User 363,user363@example.com,+1-800-555-0363
2023-08-28,Hotel 15,Room 364,Double,User 364,user364@example.com,+1-800-555-0364
2023-08-27,Hotel 16,Room 365,Double,User 365,user365@example.com,+1-800-555-0365
2024-08-25,Hotel 17,Room 366,Single,User 366,user366@example.com,+1-800-555-0366
2024-08-24,Hotel 18,Room 367,Double,User 367,user367@example.com,+1-800-555-0367
2024-08-23,Hotel 19,Room 368,Double,User 368,user368@example.com,+1-800-555-0368
2024-08-22,Hotel 20,Room 369,Single,User 369,user369@example.com,+1-800-555-0369
2024-08-21,Hotel 21,Room 370,Double,User 370,user370@example.com,+1-800-555-0370
2024-08-20,Hotel 22,Room 371,Double,User 371,user371@example.com,+1-800-555-0371
2024-08-19,Hotel 23,Room 372,Single,User 372,user372@example.com,+1-800-555-0372
2024-08-18,Hotel 24,Room 373,Double,User 373,user373@example.com,+1-800-555-0373
2024-08-17,Hotel 25,Room 374,Double,User 374,user374@example.com,+1-800-555-0374
2024-08-16,Hotel 26,Room 375,Single,User 375,user375@example.com,+1-800-555-0375
2024-08-15,Hotel 27,Room 376,Double,User 376,user376@example.com,+1-800-555-0376
2024-08-14,Hotel 28,Room 377,Double,User 377,user377@example.com,+1-800-555-0377
2024-08-13,Hotel 29,Room 378,Single,User 378,user378@example.com,+1-800-555-0378
2024-08-12,Hotel 30,Room 379,Double,User 379,user379@example.com,+1-800-555-0379
2024-08-11,Hotel 31,Room 380,Double,User 380,user380@example.com,+1-800-555-0380
2024-08-10,Hotel 32,Room 381,Single,User 381,user381@example.com,+1-800-555-0381
2024-08-09,Hotel 33,Room 382,Double,User 382,user382@example.com,+1-800-555-0382
2024-08-08,Hotel 34,Room 383,Double,User 383,user383@example.com,+1-800-555-0383
2024-08-07,Hotel 35,Room 384,Single,User 384,user384@example.com,+1-800-555-0384
2024-08-06,Hotel 36,Room 385,Double,User 385,user385@example.com,+1-800-555-0385
2024-08-05,Hotel 37,Room 386,Double,User 386,user386@example.com,+1-800-555-0386
2024-08-04,Hotel 38,Room 387,Single,User 387,user387@example.com,+1-800-555-0387
2024-08-03,Hotel 39,Room 388,Double,User 388,user388@example.com,+1-800-555-0388
2024-08-02,Hotel 40,Room 389,Double,User 389,user389@example.com,+1-800-555-0389
2024-08-01,Hotel 41,Room 390,Single,User 390,user390@example.com,+1-800-555-0390
2024-07-31,Hotel 42,Room 391,Double,User 391,user391@example.com,+1-800-555-0391
2024-07-30,Hotel 43,Room 392,Double,User 392,user392@example.com,+1-800-555-0392
2024-07-29,Hotel 44,Room 393,Single,User 393,user393@example.com,+1-800-555-0393
2024-07-28,Hotel 45,Room 394,Double,User 394,user394@example.com,+1-800-555-0394
2024-07-27,Hotel 46,Room 395,Double,User 395,user395@example.com,+1-800-555-0395
2024-07-26,Hotel 47,Room 396,Single,User 396,user396@example.com,+1-800-555-0396
2024-07-25,Hotel 48,Room 397,Double,User 397,user397@example.com,+1-800-555-0397
2024-07-24,Hotel 49,Room 398,Double,User 398,user398@example.com,+1-800-555-0398
2024-07-23,Hotel 50,Room 399,Single,User 399,user399@example.com,+1-800-555-0399
2024-07-22,Hotel 1,Room 400,Double,User 400,user400@example.com,+1-800-555-0400
2024-07-21,Hotel 2,Room 401,Double,User 401,user401@example.com,+1-800-555-0401
2024-07-20,Hotel 3,Room 402,Single,User 402,user402@example.com,+1-800-555-0402
2024-07-19,Hotel 4,Room 403,Double,User 403,user403@example.com,+1-800-555-0403
2024-07-18,Hotel 5,Room 404,Double,User 404,user404@example.com,+1-800-555-0404
2024-07-17,Hotel 6,Room 405,Single,User 405,user405@example.com,+1-800-555-0405
2024-07-16,Hotel 7,Room 406,Double,User 406,user406@example.com,+1-800-555-0406
2024-07-15,Hotel 8,Room 407,Double,User 407,user407@example.com,+1-800-555-0407
2024-07-14,Hotel 9,Room 408,Single,User 408,user408@example.com,+1-800-555-0408
2024-07-13,Hotel 10,Room 409,Double,User 409,user409@example.com,+1-800-555-0409
2024-07-12,Hotel 11,Room 410,Double,User 410,user410@example.com,+1-800-555-0410
2024-07-11,Hotel 12,Room 411,Single,User 411,user411@example.com,+1-800-555-0411
2024-07-10,Hotel 13,Room 412,Double,User 412,user412@example.com,+1-800-555-0412
2024-07-09,Hotel 14,Room 413,Double,User 413,user413@example.com,+1-800-555-0413
2024-07-08,Hotel 15,Room 414,Single,User 414,user414@example.com,+1-800-555-0414
2024-07-07,Hotel 16,Room 415,Double,User 415,user415@example.com,+1-800-555-0415
2024-07-06,Hotel 17,Room 416,Double,User 416,user416@example.com,+1-800-555-0416
2024-07-05,Hotel 18,Room 417,Single,User 417,user417@example.com,+1-800-555-0417
2024-07-04,Hotel 19,Room 418,Double,User 418,user418@example.com,+1-800-555-0418
2024-07-03,Hotel 20,Room 419,Double,User 419,user419@example.com,+1-800-555-0419
2024-07-02,Hotel 21,Room 420,Single,User 420,user420@example.com,+1-800-555-0420
2024-07-01,Hotel 22,Room 421,Double,User 421,user421@example.com,+1-800-555-0421
2024-06-30,Hotel 23,Room 422,Double,User 422,user422@example.com,+1-800-555-0422
2024-06-29,Hotel 24,Room 423,Single,User 423,user423@example.com,+1-800-555-0423
2024-06-28,Hotel 25,Room 424,Double,User 424,user424@example.com,+1-800-555-0424
2024-06-27,Hotel 26,Room 425,Double,User 425,user425@example.com,+1-800-555-0425
2024-06-26,Hotel 27,Room 426,Single,User 426,user426@example.com,+1-800-555-0426
2024-06-25,Hotel 28,Room 427,Double,User 427,user427@example.com,+1-800-555-0427
2024-06-24,Hotel 29,Room 428,Double,User 428,user428@example.com,+1-800-555-0428
2024-06-23,Hotel 30,Room 429,Single,User 429,user429@example.com,+1-800-555-0429
2024-06-22,Hotel 31,Room 430,Double,User 430,user430@example.com,+1-800-555-0430
2024-06-21,Hotel 32,Room 431,Double,User 431,user431@example.com,+1-800-555-0431
2024-06-20,Hotel 33,Room 432,Single,User 432,user432@example.com,+1-800-555-0432
2024-06-19,Hotel 34,Room 433,Double,User 433,user433@example.com,+1-800-555-0433
2024-06-18,Hotel 35,Room 434,Double,User 434,user434@example.com,+1-800-555-0434
2024-06-17,Hotel 36,Room 435,Single,User 435,user435@example.com,+1-800-555-0435
2024-06-16,Hotel 37,Room 436,Double,User 436,user436@example.com,+1-800-555-0436
2024-06-15,Hotel 38,Room 437,Double,User 437,user437@example.com,+1-800-555-0437
2024-06-14,Hotel 39,Room 438,Single,User 438,user438@example.com,+1-800-555-0438
2024-06-13,Hotel 40,Room 439,Double,User 439,user439@example.com,+1-800-555-0439
2024-06-12,Hotel 41,Room 440,Double,User 440,user440@example.com,+1-800-555-0440
2024-06-11,Hotel 42,Room 441,Single,User 441,user441@example.com,+1-800-555-0441
2024-06-10,Hotel 43,Room 442,Double,User 442,user442@example.com,+1-800-555-0442
2024-06-09,Hotel 44,Room 443,Double,User 443,user443@example.com,+1-800-555-0443
2024-06-08,Hotel 45,Room 444,Single,User 444,user444@example.com,+1-800-555-0444
2024-06-07,Hotel 46,Room 445,Double,User 445,user445@example.com,+1-800-555-0445
2024-06-06,Hotel 47,Room 446,Double,User 446,user446@example.com,+1-800-555-0446
2024-06-05,Hotel 48,Room 447,Single,User 447,user447@example.com,+1-800-555-0447
2024-06-04,Hotel 49,Room 448,Double,User 448,user448@example.com,+1-800-555-0448
2024-06-03,Hotel 50,Room 449,Double,User 449,user449@example.com,+1-800-555-0449
2024-06-02,Hotel 1,Room 450,Single,User 450,user450@example.com,+1-800-555-0450
2024-06-01,Hotel 2,Room 451,Double,User 451,user451@example.com,+1-800-555-0451
2024-05-31,Hotel 3,Room 452,Double,User 452,user452@example.com,+1-800-555-0452
2024-05-30,Hotel 4,Room 453,Single,User 453,user453@example.com,+1-800-555-0453
2024-05-29,Hotel 5,Room 454,Double,User 454,user454@example.com,+1-800-555-0454
2024-05-28,Hotel 6,Room 455,Double,User 455,user455@example.com,+1-800-555-0455
2024-05-27,Hotel 7,Room 456,Single,User 456,user456@example.com,+1-800-555-0456
2024-05-26,Hotel 8,Room 457,Double,User 457,user457@example.com,+1-800-555-0457
2024-05-25,Hotel 9,Room 458,Double,User 458,user458@example.com,+1-800-555-0458
2024-05-24,Hotel 10,Room 459,Single,User 459,user459@example.com,+1-800-555-0459
2024-05-23,Hotel 11,Room 460,Double,User 460,user460@example.com,+1-800-555-0460
2024-05-22,Hotel 12,Room 461,Double,User 461,user461@example.com,+1-800-555-0461
2024-05-21,Hotel 13,Room 462,Single,User 462,user462@example.com,+1-800-555-0462
2024-05-20,Hotel 14,Room 463,Double,User 463,user463@example.com,+1-800-555-0463
2024-05-19,Hotel 15,Room 464,Double,User 464,user464@example.com,+1-800-555-0464
2024-05-18,Hotel 16,Room 465,Single,User 465,user465@example.com,+1-800-555-0465
2024-05-17,Hotel 17,Room 466,Double,User 466,user466@example.com,+1-800-555-0466
2024-05-16,Hotel 18,Room 467,Double,User 467,user467@example.com,+1-800-555-0467
2024-05-15,Hotel 19,Room 468,Single,User 468,user468@example.com,+1-800-555-0468
2024-05-14,Hotel 20,Room 469,Double,User 469,user469@example.com,+1-800-555-0469
2024-05-13,Hotel 21,Room 470,Double,User 470,user470@example.com,+1-800-555-0470
2024-05-12,Hotel 22,Room 471,Single,User 471,user471@example.com,+1-800-555-0471
2024-05-11,Hotel 23,Room 472,Double,User 472,user472@example.com,+1-800-555-0472
2024-05-10,Hotel 24,Room 473,Double,User 473,user473@example.com,+1-800-555-0473
2024-05-09,Hotel 25,Room 474,Single,User 474,user474@example.com,+1-800-555-0474
2024-05-08,Hotel 26,Room 475,Double,User 475,user475@example.com,+1-800-555-0475
2024-05-07,Hotel 27,Room 476,Double,User 476,user476@example.com,+1-800-555-0476
2024-05-06,Hotel 28,Room 477,Single,User 477,user477@example.com,+1-800-555-0477
2024-05-05,Hotel 29,Room 478,Double,User 478,user478@example.com,+1-800-555-0478
2024-05-04,Hotel 30,Room 479,Double,User 479,user479@example.com,+1-800-555-0479
2024-05-03,Hotel 31,Room 480,Single,User 480,user480@example.com,+1-800-555-0480
2024-05-02,Hotel 32,Room 481,Double,User 481,user481@example.com,+1-800-555-0481
2024-05-01,Hotel 33,Room 482,Double,User 482,user482@example.com,+1-800-555-0482
2024-04-30,Hotel 34,Room 483,Single,User 483,user483@example.com,+1-800-555-0483
2024-04-29,Hotel 35,Room 484,Double,User 484,user484@example.com,+1-800-555-0484
2024-04-28,Hotel 36,Room 485,Double,User 485,user485@example.com,+1-800-555-0485
2024-04-27,Hotel 37,Room 486,Single,User 486,user486@example.com,+1-800-555-0486
2024-04-26,Hotel 38,Room 487,Double,User 487,user487@example.com,+1-800-555-0487
2024-04-25,Hotel 39,Room 488,Double,User 488,user488@example.com,+1-800-555-0488
2024-04-24,Hotel 40,Room 489,Single,User 489,user489@example.com,+1-800-555-0489
2024-04-23,Hotel 41,Room 490,Double,User 490,user490@example.com,+1-800-555-0490
2024-04-22,Hotel 42,Room 491,Double,User 491,user491@example.com,+1-800-555-0491
2024-04-21,Hotel 43,Room 492,Single,User 492,user492@example.com,+1-800-555-0492
2024-04-20,Hotel 44,Room 493,Double,User 493,user493@example.com,+1-800-555-0493
2024-04-19,Hotel 45,Room 494,Double,User 494,user494@example.com,+1-800-555-0494
2024-04-18,Hotel 46,Room 495,Single,User 495,user495@example.com,+1-800-555-0495
2024-04-17,Hotel 47,Room 496,Double,User 496,user496@example.com,+1-800-555-0496
2024-04-16,Hotel 48,Room 497,Double,User 497,user497@example.com,+1-800-555-0497
2024-04-15,Hotel 49,Room 498,Single,User 498,user498@example.com,+1-800-555-0498
2024-04-14,Hotel 50,Room 499,Double,User 499,user499@example.com,+1-800-555-0499
2024-04-13,Hotel 1,Room 500,Double,User 500,user500@example.com,+1-800-555-0500
2024-04-12,Hotel 2,Room 1,Double,User 501,user501@example.com,+1-800-555-0501
2024-04-11,Hotel 3,Room 2,Double,User 502,user502@example.com,+1-800-555-0502
2024-04-10,Hotel 4,Room 3,Single,User 503,user503@example.com,+1-800-555-0503
2024-04-09,Hotel 5,Room 4,Double,User 504,user504@example.com,+1-800-555-0504
2024-04-08,Hotel 6,Room 5,Double,User 505,user505@example.com,+1-800-555-0505
2024-04-07,Hotel 7,Room 6,Single,User 506,user506@example.com,+1-800-555-0506
2024-04-06,Hotel 8,Room 7,Double,User 507,user507@example.com,+1-800-555-0507
2024-04-05,Hotel 9,Room 8,Double,User 508,user508@example.com,+1-800-555-0508
2024-04-04,Hotel 10,Room 9,Single,User 509,user509@example.com,+1-800-555-0509
2024-04-03,Hotel 11,Room 10,Double,User 510,user510@example.com,+1-800-555-0510
2024-04-02,Hotel 12,Room 11,Double,User 511,user511@example.com,+1-800-555-0511
2024-04-01,Hotel 13,Room 12,Single,User 512,user512@example.com,+1-800-555-0512
2024-03-31,Hotel 14,Room 13,Double,User 513,user513@example.com,+1-800-555-0513
2024-03-30,Hotel 15,Room 14,Double,User 514,user514@example.com,+1-800-555-0514
2024-03-29,Hotel 16,Room 15,Single,User 515,user515@example.com,+1-800-555-0515
2024-03-28,Hotel 17,Room 16,Double,User 516,user516@example.com,+1-800-555-0516
2024-03-27,Hotel 18,Room 17,Double,User 517,user517@example.com,+1-800-555-0517
2024-03-26,Hotel 19,Room 18,Single,User 518,user518@example.com,+1-800-555-0518
2024-03-25,Hotel 20,Room 19,Double,User 519,user519@example.com,+1-800-555-0519
2024-03-24,Hotel 21,Room 20,Double,User 520,user520@example.com,+1-800-555-0520
2024-03-23,Hotel 22,Room 21,Single,User 521,user521@example.com,+1-800-555-0521
2024-03-22,Hotel 23,Room 22,Double,User 522,user522@example.com,+1-800-555-0522
2024-03-21,Hotel 24,Room 23,Double,User 523,user523@example.com,+1-800-555-0523
2024-03-20,Hotel 25,Room 24,Single,User 524,user524@example.com,+1-800-555-0524
2024-03-19,Hotel 26,Room 25,Double,User 525,user525@example.com,+1-800-555-0525
2024-03-18,Hotel 27,Room 26,Double,User 526,user526@example.com,+1-800-555-0526
2024-03-17,Hotel 28,Room 27,Single,User 527,user527@example.com,+1-800-555-0527
2024-03-16,Hotel 29,Room 28,Double,User 528,user528@example.com,+1-800-555-0528
2024-03-15,Hotel 30,Room 29,Double,User 529,user529@example.com,+1-800-555-0529
2024-03-14,Hotel 31,Room 30,Single,User 530,user530@example.com,+1-800-555-0530
2024-03-13,Hotel 32,Room 31,Double,User 531,user531@example.com,+1-800-555-0531
2024-03-12,Hotel 33,Room 32,Double,User 532,user532@example.com,+1-800-555-0532
2024-03-11,Hotel 34,Room 33,Single,User 533,user533@example.com,+1-800-555-0533
2024-03-10,Hotel 35,Room 34,Double,User 534,user534@example.com,+1-800-555-0534
2024-03-09,Hotel 36,Room 35,Double,User 535,user535@example.com,+1-800-555-0535
2024-03-08,Hotel 37,Room 36,Single,User 536,user536@example.com,+1-800-555-0536
2024-03-07,Hotel 38,Room 37,Double,User 537,user537@example.com,+1-800-555-0537
2024-03-06,Hotel 39,Room 38,Double,User 538,user538@example.com,+1-800-555-0538
2024-03-05,Hotel 40,Room 39,Single,User 539,user539@example.com,+1-800-555-0539
2024-03-04,Hotel 41,Room 40,Double,User 540,user540@example.com,+1-800-555-0540
2024-03-03,Hotel 42,Room 41,Double,User 541,user541@example.com,+1-800-555-0541
2024-03-02,Hotel 43,Room 42,Single,User 542,user542@example.com,+1-800-555-0542
2024-03-01,Hotel 44,Room 43,Double,User 543,user543@example.com,+1-800-555-0543
2024-02-29,Hotel 45,Room 44,Double,User 544,user544@example.com,+1-800-555-0544
2024-02-28,Hotel 46,Room 45,Single,User 545,user545@example.com,+1-800-555-0545
2024-02-27,Hotel 47,Room 46,Double,User 546,user546@example.com,+1-800-555-0546
2024-02-26,Hotel 48,Room 47,Double,User 547,user547@example.com,+1-800-555-0547
2024-02-25,Hotel 49,Room 48,Single,User 548,user548@example.com,+1-800-555-0548
2024-02-24,Hotel 50,Room 49,Double,User 549,user549@example.com,+1-800-555-0549
2024-02-23,Hotel 1,Room 50,Double,User 550,user550@example.com,+1-800-555-0550
2024-02-22,Hotel 2,Room 51,Single,User 551,user551@example.com,+1-800-555-0551
2024-02-21,Hotel 3,Room 52,Double,User 552,user552@example.com,+1-800-555-0552
2024-02-20,Hotel 4,Room 53,Double,User 553,user553@example.com,+1-800-555-0553
2024-02-19,Hotel 5,Room 54,Single,User 554,user554@example.com,+1-800-555-0554
2024-02-18,Hotel 6,Room 55,Double,User 555,user555@example.com,+1-800-555-0555
2024-02-17,Hotel 7,Room 56,Double,User 556,user556@example.com,+1-800-555-0556
2024-02-16,Hotel 8,Room 57,Single,User 557,user557@example.com,+1-800-555-0557
2024-02-15,Hotel 9,Room 58,Double,User 558,user558@example.com,+1-800-555-0558
2024-02-14,Hotel 10,Room 59,Double,User 559,user559@example.com,+1-800-555-0559
2024-02-13,Hotel 11,Room 60,Single,User 560,user560@example.com,+1-800-555-0560
2024-02-12,Hotel 12,Room 61,Double,User 561,user561@example.com,+1-800-555-0561
2024-02-11,Hotel 13,Room 62,Double,User 562,user562@example.com,+1-800-555-0562
2024-02-10,Hotel 14,Room 63,Single,User 563,user563@example.com,+1-800-555-0563
2024-02-09,Hotel 15,Room 64,Double,User 564,user564@example.com,+1-800-555-0564
2024-02-08,Hotel 16,Room 65,Double,User 565,user565@example.com,+1-800-555-0565
2024-02-07,Hotel 17,Room 66,Single,User 566,user566@example.com,+1-800-555-0566
2024-02-06,Hotel 18,Room 67,Double,User 567,user567@example.com,+1-800-555-0567
2024-02-05,Hotel 19,Room 68,Double,User 568,user568@example.com,+1-800-555-0568
2024-02-04,Hotel 20,Room 69,Single,User 569,user569@example.com,+1-800-555-0569
2024-02-03,Hotel 21,Room 70,Double,User 570,user570@example.com,+1-800-555-0570
2024-02-02,Hotel 22,Room 71,Double,User 571,user571@example.com,+1-800-555-0571
2024-02-01,Hotel 23,Room 72,Single,User 572,user572@example.com,+1-800-555-0572
2024-01-31,Hotel 24,Room 73,Double,User 573,user573@example.com,+1-800-555-0573
2024-01-30,Hotel 25,Room 74,Double,User 574,user574@example.com,+1-800-555-0574
2024-01-29,Hotel 26,Room 75,Single,User 575,user575@example.com,+1-800-555-0575
2024-01-28,Hotel 27,Room 76,Double,User 576,user576@example.com,+1-800-555-0576
2024-01-27,Hotel 28,Room 77,Double,User 577,user577@example.com,+1-800-555-0577
2024-01-26,Hotel 29,Room 78,Single,User 578,user578@example.com,+1-800-555-0578
2024-01-25,Hotel 30,Room 79,Double,User 579,user579@example.com,+1-800-555-0579
2024-01-24,Hotel 31,Room 80,Double,User 580,user580@example.com,+1-800-555-0580
2024-01-23,Hotel 32,Room 81,Single,User 581,user581@example.com,+1-800-555-0581
2024-01-22,Hotel 33,Room 82,Double,User 582,user582@example.com,+1-800-555-0582
2024-01-21,Hotel 34,Room 83,Double,User 583,user583@example.com,+1-800-555-0583
2024-01-20,Hotel 35,Room 84,Single,User 584,user584@example.com,+1-800-555-0584
2024-01-19,Hotel 36,Room 85,Double,User 585,user585@example.com,+1-800-555-0585
2024-01-18,Hotel 37,Room 86,Double,User 586,user586@example.com,+1-800-555-0586
2024-01-17,Hotel 38,Room 87,Single,User 587,user587@example.com,+1-800-555-0587
2024-01-16,Hotel 39,Room 88,Double,User 588,user588@example.com,+1-800-555-0588
2024-01-15,Hotel 40,Room 89,Double,User 589,user589@example.com,+1-800-555-0589
2024-01-14,Hotel 41,Room 90,Single,User 590,user590@example.com,+1-800-555-0590
2024-01-13,Hotel 42,Room 91,Double,User 591,user591@example.com,+1-800-555-0591
2024-01-12,Hotel 43,Room 92,Double,User 592,user592@example.com,+1-800-555-0592
2024-01-11,Hotel 44,Room 93,Single,User 593,user593@example.com,+1-800-555-0593
2024-01-10,Hotel 45,Room 94,Double,User 594,user594@example.com,+1-800-555-0594
2024-01-09,Hotel 46,Room 95,Double,User 595,user595@example.com,+1-800-555-0595
2024-01-08,Hotel 47,Room 96,Single,User 596,user596@example.com,+1-800-555-0596
2024-01-07,Hotel 48,Room 97,Double,User 597,user597@example.com,+1-800-555-0597
2024-01-06,Hotel 49,Room 98,Double,User 598,user598@example.com,+1-800-555-0598
2024-01-05,Hotel 50,Room 99,Single,User 599,user599@example.com,+1-800-555-0599
2024-01-04,Hotel 1,Room 100,Double,User 600,user600@example.com,+1-800-555-0600
2024-01-03,Hotel 2,Room 101,Double,User 601,user601@example.com,+1-800-555-0601
2024-01-02,Hotel 3,Room 102,Single,User 602,user602@example.com,+1-800-555-0602
2024-01-01,Hotel 4,Room 103,Double,User 603,user603@example.com,+1-800-555-0603
2023-12-31,Hotel 5,Room 104,Double,User 604,user604@example.com,+1-800-555-0604
2023-12-30,Hotel 6,Room 105,Single,User 605,user605@example.com,+1-800-555-0605
2023-12-29,Hotel 7,Room 106,Double,User 606,user606@example.com,+1-800-555-0606
2023-12-28,Hotel 8,Room 107,Double,User 607,user607@example.com,+1-800-555-0607
2023-12-27,Hotel 9,Room 108,Single,User 608,user608@example.com,+1-800-555-0608
2023-12-26,Hotel 10,Room 109,Double,User 609,user609@example.com,+1-800-555-0609
2023-12-25,Hotel 11,Room 110,Double,User 610,user610@example.com,+1-800-555-0610
2023-12-24,Hotel 12,Room 111,Single,User 611,user611@example.com,+1-800-555-0611
2023-12-23,Hotel 13,Room 112,Double,User 612,user612@example.com,+1-800-555-0612
2023-12-22,Hotel 14,Room 113,Double,User 613,user613@example.com,+1-800-555-0613
2023-12-21,Hotel 15,Room 114,Single,User 614,user614@example.com,+1-800-555-0614
2023-12-20,Hotel 16,Room 115,Double,User 615,user615@example.com,+1-800-555-0615
2023-12-19,Hotel 17,Room 116,Double,User 616,user616@example.com,+1-800-555-0616
2023-12-18,Hotel 18,Room 117,Single,User 617,user617@example.com,+1-800-555-0617
2023-12-17,Hotel 19,Room 118,Double,User 618,user618@example.com,+1-800-555-0618
2023-12-16,Hotel 20,Room 119,Double,User 619,user619@example.com,+1-800-555-0619
2023-12-15,Hotel 21,Room 120,Single,User 620,user620@example.com,+1-800-555-0620
2023-12-14,Hotel 22,Room 121,Double,User 621,user621@example.com,+1-800-555-0621
2023-12-13,Hotel 23,Room 122,Double,User 622,user622@example.com,+1-800-555-0622
2023-12-12,Hotel 24,Room 123,Single,User 623,user623@example.com,+1-800-555-0623
2023-12-11,Hotel 25,Room 124,Double,User 624,user624@example.com,+1-800-555-0624
2023-12-10,Hotel 26,Room 125,Double,User 625,user625@example.com,+1-800-555-0625
2023-12-09,Hotel 27,Room 126,Single,User 626,user626@example.com,+1-800-555-0626
2023-12-08,Hotel 28,Room 127,Double,User 627,user627@example.com,+1-800-555-0627
2023-12-07,Hotel 29,Room 128,Double,User 628,user628@example.com,+1-800-555-0628
2023-12-06,Hotel 30,Room 129,Single,User 629,user629@example.com,+1-800-555-0629
2023-12-05,Hotel 31,Room 130,Double,User 630,user630@example.com,+1-800-555-0630
2023-12-04,Hotel 32,Room 131,Double,User 631,user631@example.com,+1-800-555-0631
2023-12-03,Hotel 33,Room 132,Single,User 632,user632@example.com,+1-800-555-0632
2023-12-02,Hotel 34,Room 133,Double,User 633,user633@example.com,+1-800-555-0633
2023-12-01,Hotel 35,Room 134,Double,User 634,user634@example.com,+1-800-555-0634
2023-11-30,Hotel 36,Room 135,Single,User 635,user635@example.com,+1-800-555-0635
2023-11-29,Hotel 37,Room 136,Double,User 636,user636@example.com,+1-800-555-0636
2023-11-28,Hotel 38,Room 137,Double,User 637,user637@example.com,+1-800-555-0637
2023-11-27,Hotel 39,Room 138,Single,User 638,user638@example.com,+1-800-555-0638
2023-11-26,Hotel 40,Room 139,Double,User 639,user639@example.com,+1-800-555-0639
2023-11-25,Hotel 41,Room 140,Double,User 640,user640@example.com,+1-800-555-0640
2023-11-24,Hotel 42,Room 141,Single,User 641,user641@example.com,+1-800-555-0641
2023-11-23,Hotel 43,Room 142,Double,User 642,user642@example.com,+1-800-555-0642
2023-11-22,Hotel 44,Room 143,Double,User 643,user643@example.com,+1-800-555-0643
2023-11-21,Hotel 45,Room 144,Single,User 644,user644@example.com,+1-800-555-0644
2023-11-20,Hotel 46,Room 145,Double,User 645,user645@example.com,+1-800-555-0645
2023-11-19,Hotel 47,Room 146,Double,User 646,user646@example.com,+1-800-555-0646
2023-11-18,Hotel 48,Room 147,Single,User 647,user647@example.com,+1-800-555-0647
2023-11-17,Hotel 49,Room 148,Double,User 648,user648@example.com,+1-800-555-0648
2023-11-16,Hotel 50,Room 149,Double,User 649,user649@example.com,+1-800-555-0649
2023-11-15,Hotel 1,Room 150,Single,User 650,user650@example.com,+1-800-555-0650
2023-11-14,Hotel 2,Room 151,Double,User 651,user651@example.com,+1-800-555-0651
2023-11-13,Hotel 3,Room 152,Double,User 652,user652@example.com,+1-800-555-0652
2023-11-12,Hotel 4,Room 153,Single,User 653,user653@example.com,+1-800-555-0653
2023-11-11,Hotel 5,Room 154,Double,User 654,user654@example.com,+1-800-555-0654
2023-11-10,Hotel 6,Room 155,Double,User 655,user655@example.com,+1-800-555-0655
2023-11-09,Hotel 7,Room 156,Single,User 656,user656@example.com,+1-800-555-0656
2023-11-08,Hotel 8,Room 157,Double,User 657,user657@example.com,+1-800-555-0657
2023-11-07,Hotel 9,Room 158,Double,User 658,user658@example.com,+1-800-555-0658
2023-11-06,Hotel 10,Room 159,Single,User 659,user659@example.com,+1-800-555-0659
2023-11-05,Hotel 11,Room 160,Double,User 660,user660@example.com,+1-800-555-0660
2023-11-04,Hotel 12,Room 161,Double,User 661,user661@example.com,+1-800-555-0661
2023-11-03,Hotel 13,Room 162,Single,User 662,user662@example.com,+1-800-555-0662
2023-11-02,Hotel 14,Room 163,Double,User 663,user663@example.com,+1-800-555-0663
2023-11-01,Hotel 15,Room 164,Double,User 664,user664@example.com,+1-800-555-0664
2023-10-31,Hotel 16,Room 165,Single,User 665,user665@example.com,+1-800-555-0665
2023-10-30,Hotel 17,Room 166,Double,User 666,user666@example.com,+1-800-555-0666
2023-10-29,Hotel 18,Room 167,Double,User 667,user667@example.com,+1-800-555-0667
2023-10-28,Hotel 19,Room 168,Single,User 668,user668@example.com,+1-800-555-0668
2023-10-27,Hotel 20,Room 169,Double,User 669,user669@example.com,+1-800-555-0669
2023-10-26,Hotel 21,Room 170,Double,User 670,user670@example.com,+1-800-555-0670
2023-10-25,Hotel 22,Room 171,Single,User 671,user671@example.com,+1-800-555-0671
2023-10-24,Hotel 23,Room 172,Double,User 672,user672@example.com,+1-800-555-0672
2023-10-23,Hotel 24,Room 173,Double,User 673,user673@example.com,+1-800-555-0673
2023-10-22,Hotel 25,Room 174,Single,User 674,user674@example.com,+1-800-555-0674
2023-10-21,Hotel 26,Room 175,Double,User 675,user675@example.com,+1-800-555-0675
2023-10-20,Hotel 27,Room 176,Double,User 676,user676@example.com,+1-800-555-0676
2023-10-19,Hotel 28,Room 177,Single,User 677,user677@example.com,+1-800-555-0677
2023-10-18,Hotel 29,Room 178,Double,User 678,user678@example.com,+1-800-555-0678
2023-10-17,Hotel 30,Room 179,Double,User 679,user679@example.com,+1-800-555-0679
2023-10-16,Hotel 31,Room 180,Single,User 680,user680@example.com,+1-800-555-0680
2023-10-15,Hotel 32,Room 181,Double,User 681,user681@example.com,+1-800-555-0681
2023-10-14,Hotel 33,Room 182,Double,User 682,user682@example.com,+1-800-555-0682
2023-10-13,Hotel 34,Room 183,Single,User 683,user683@example.com,+1-800-555-0683
2023-10-12,Hotel 35,Room 184,Double,User 684,user684@example.com,+1-800-555-0684
2023-10-11,Hotel 36,Room 185,Double,User 685,user685@example.com,+1-800-555-0685
2023-10-10,Hotel 37,Room 186,Single,User 686,user686@example.com,+1-800-555-0686
2023-10-09,Hotel 38,Room 187,Double,User 687,user687@example.com,+1-800-555-0687
2023-10-08,Hotel 39,Room 188,Double,User 688,user688@example.com,+1-800-555-0688
2023-10-07,Hotel 40,Room 189,Single,User 689,user689@example.com,+1-800-555-0689
2023-10-06,Hotel 41,Room 190,Double,User 690,user690@example.com,+1-800-555-0690
2023-10-05,Hotel 42,Room 191,Double,User 691,user691@example.com,+1-800-555-0691
2023-10-04,Hotel 43,Room 192,Single,User 692,user692@example.com,+1-800-555-0692
2023-10-03,Hotel 44,Room 193,Double,User 693,user693@example.com,+1-800-555-0693
2023-10-02,Hotel 45,Room 194,Double,User 694,user694@example.com,+1-800-555-0694
2023-10-01,Hotel 46,Room 195,Single,User 695,user695@example.com,+1-800-555-0695
2023-09-30,Hotel 47,Room 196,Double,User 696,user696@example.com,+1-800-555-0696
2023-09-29,Hotel 48,Room 197,Double,User 697,user697@example.com,+1-800-555-0697
2023-09-28,Hotel 49,Room 198,Single,User 698,user698@example.com,+1-800-555-0698
2023-09-27,Hotel 50,Room 199,Double,User 699,user699@example.com,+1-800-555-0699
2023-09-26,Hotel 1,Room 200,Double,User 700,user700@example.com,+1-800-555-0700
2023-09-25,Hotel 2,Room 201,Single,User 701,user701@example.com,+1-800-555-0701
2023-09-24,Hotel 3,Room 202,Double,User 702,user702@example.com,+1-800-555-0702
2023-09-23,Hotel 4,Room 203,Double,User 703,user703@example.com,+1-800-555-0703
2023-09-22,Hotel 5,Room 204,Single,User 704,user704@example.com,+1-800-555-0704
2023-09-21,Hotel 6,Room 205,Double,User 705,user705@example.com,+1-800-555-0705
2023-09-20,Hotel 7,Room 206,Double,User 706,user706@example.com,+1-800-555-0706
2023-09-19,Hotel 8,Room 207,Single,User 707,user707@example.com,+1-800-555-0707
2023-09-18,Hotel 9,Room 208,Double,User 708,user708@example.com,+1-800-555-0708
2023-09-17,Hotel 10,Room 209,Double,User 709,user709@example.com,+1-800-555-0709
2023-09-16,Hotel 11,Room 210,Single,User 710,user710@example.com,+1-800-555-0710
2023-09-15,Hotel 12,Room 211,Double,User 711,user711@example.com,+1-800-555-0711
2023-09-14,Hotel 13,Room 212,Double,User 712,user712@example.com,+1-800-555-0712
2023-09-13,Hotel 14,Room 213,Single,User 713,user713@example.com,+1-800-555-0713
2023-09-12,Hotel 15,Room 214,Double,User 714,user714@example.com,+1-800-555-0714
2023-09-11,Hotel 16,Room 215,Double,User 715,user715@example.com,+1-800-555-0715
2023-09-10,Hotel 17,Room 216,Single,User 716,user716@example.com,+1-800-555-0716
2023-09-09,Hotel 18,Room 217,Double,User 717,user717@example.com,+1-800-555-0717
2023-09-08,Hotel 19,Room 218,Double,User 718,user718@example.com,+1-800-555-0718
2023-09-07,Hotel 20,Room 219,Single,User 719,user719@example.com,+1-800-555-0719
2023-09-06,Hotel 21,Room 220,Double,User 720,user720@example.com,+1-800-555-0720
2023-09-05,Hotel 22,Room 221,Double,User 721,user721@example.com,+1-800-555-0721
2023-09-04,Hotel 23,Room 222,Single,User 722,user722@example.com,+1-800-555-0722
2023-09-03,Hotel 24,Room 223,Double,User 723,user723@example.com,+1-800-555-0723
2023-09-02,Hotel 25,Room 224,Double,User 724,user724@example.com,+1-800-555-0724
2023-09-01,Hotel 26,Room 225,Single,User 725,user725@example.com,+1-800-555-0725
2023-08-31,Hotel 27,Room 226,Double,User 726,user726@example.com,+1-800-555-0726
2023-08-30,Hotel 28,Room 227,Double,User 727,user727@example.com,+1-800-555-0727
2023-08-29,Hotel 29,Room 228,Single,User 728,user728@example.com,+1-800-555-0728
2023-08-28,Hotel 30,Room 229,Double,User 729,user729@example.com,+1-800-555-0729
2023-08-27,Hotel 31,Room 230,Double,User 730,user730@example.com,+1-800-555-0730
2024-08-25,Hotel 32,Room 231,Single,User 731,user731@example.com,+1-800-555-0731
2024-08-24,Hotel 33,Room 232,Double,User 732,user732@example.com,+1-800-555-0732
2024-08-23,Hotel 34,Room 233,Double,User 733,user733@example.com,+1-800-555-0733
2024-08-22,Hotel 35,Room 234,Single,User 734,user734@example.com,+1-800-555-0734
2024-08-21,Hotel 36,Room 235,Double,User 735,user735@example.com,+1-800-555-0735
2024-08-20,Hotel 37,Room 236,Double,User 736,user736@example.com,+1-800-555-0736
2024-08-19,Hotel 38,Room 237,Single,User 737,user737@example.com,+1-800-555-0737
2024-08-18,Hotel 39,Room 238,Double,User 738,user738@example.com,+1-800-555-0738
2024-08-17,Hotel 40,Room 239,Double,User 739,user739@example.com,+1-800-555-0739
2024-08-16,Hotel 41,Room 240,Single,User 740,user740@example.com,+1-800-555-0740
2024-08-15,Hotel 42,Room 241,Double,User 741,user741@example.com,+1-800-555-0741
2024-08-14,Hotel 43,Room 242,Double,User 742,user742@example.com,+1-800-555-0742
2024-08-13,Hotel 44,Room 243,Single,User 743,user743@example.com,+1-800-555-0743
2024-08-12,Hotel 45,Room 244,Double,User 744,user744@example.com,+1-800-555-0744
2024-08-11,Hotel 46,Room 245,Double,User 745,user745@example.com,+1-800-555-0745
2024-08-10,Hotel 47,Room 246,Single,User 746,user746@example.com,+1-800-555-0746
2024-08-09,Hotel 48,Room 247,Double,User 747,user747@example.com,+1-800-555-0747
2024-08-08,Hotel 49,Room 248,Double,User 748,user748@example.com,+1-800-555-0748
2024-08-07,Hotel 50,Room 249,Single,User 749,user749@example.com,+1-800-555-0749
2024-08-06,Hotel 1,Room 250,Double,User 750,user750@example.com,+1-800-555-0750
2024-08-05,Hotel 2,Room 251,Double,User 751,user751@example.com,+1-800-555-0751
2024-08-04,Hotel 3,Room 252,Single,User 752,user752@example.com,+1-800-555-0752
2024-08-03,Hotel 4,Room 253,Double,User 753,user753@example.com,+1-800-555-0753
2024-08-02,Hotel 5,Room 254,Double,User 754,user754@example.com,+1-800-555-0754
2024-08-01,Hotel 6,Room 255,Single,User 755,user755@example.com,+1-800-555-0755
2024-07-31,Hotel 7,Room 256,Double,User 756,user756@example.com,+1-800-555-0756
2024-07-30,Hotel 8,Room 257,Double,User 757,user757@example.com,+1-800-555-0757
2024-07-29,Hotel 9,Room 258,Single,User 758,user758@example.com,+1-800-555-0758
2024-07-28,Hotel 10,Room 259,Double,User 759,user759@example.com,+1-800-555-0759
2024-07-27,Hotel 11,Room 260,Double,User 760,user760@example.com,+1-800-555-0760
2024-07-26,Hotel 12,Room 261,Single,User 761,user761@example.com,+1-800-555-0761
2024-07-25,Hotel 13,Room 262,Double,User 762,user762@example.com,+1-800-555-0762
2024-07-24,Hotel 14,Room 263,Double,User 763,user763@example.com,+1-800-555-0763
2024-07-23,Hotel 15,Room 264,Single,User 764,user764@example.com,+1-800-555-0764
2024-07-22,Hotel 16,Room 265,Double,User 765,user765@example.com,+1-800-555-0765
2024-07-21,Hotel 17,Room 266,Double,User 766,user766@example.com,+1-800-555-0766
2024-07-20,Hotel 18,Room 267,Single,User 767,user767@example.com,+1-800-555-0767
2024-07-19,Hotel 19,Room 268,Double,User 768,user768@example.com,+1-800-555-0768
2024-07-18,Hotel 20,Room 269,Double,User 769,user769@example.com,+1-800-555-0769
2024-07-17,Hotel 21,Room 270,Single,User 770,user770@example.com,+1-800-555-0770
2024-07-16,Hotel 22,Room 271,Double,User 771,user771@example.com,+1-800-555-0771
2024-07-15,Hotel 23,Room 272,Double,User 772,user772@example.com,+1-800-555-0772
2024-07-14,Hotel 24,Room 273,Single,User 773,user773@example.com,+1-800-555-0773
2024-07-13,Hotel 25,Room 274,Double,User 774,user774@example.com,+1-800-555-0774
2024-07-12,Hotel 26,Room 275,Double,User 775,user775@example.com,+1-800-555-0775
2024-07-11,Hotel 27,Room 276,Single,User 776,user776@example.com,+1-800-555-0776
2024-07-10,Hotel 28,Room 277,Double,User 777,user777@example.com,+1-800-555-0777
2024-07-09,Hotel 29,Room 278,Double,User 778,user778@example.com,+1-800-555-0778
2024-07-08,Hotel 30,Room 279,Single,User 779,user779@example.com,+1-800-555-0779
2024-07-07,Hotel 31,Room 280,Double,User 780,user780@example.com,+1-800-555-0780
2024-07-06,Hotel 32,Room 281,Double,User 781,user781@example.com,+1-800-555-0781
2024-07-05,Hotel 33,Room 282,Single,User 782,user782@example.com,+1-800-555-0782
2024-07-04,Hotel 34,Room 283,Double,User 783,user783@example.com,+1-800-555-0783
2024-07-03,Hotel 35,Room 284,Double,User 784,user784@example.com,+1-800-555-0784
2024-07-02,Hotel 36,Room 285,Single,User 785,user785@example.com,+1-800-555-0785
2024-07-01,Hotel 37,Room 286,Double,User 786,user786@example.com,+1-800-555-0786
2024-06-30,Hotel 38,Room 287,Double,User 787,user787@example.com,+1-800-555-0787
2024-06-29,Hotel 39,Room 288,Single,User 788,user788@example.com,+1-800-555-0788
2024-06-28,Hotel 40,Room 289,Double,User 789,user789@example.com,+1-800-555-0789
2024-06-27,Hotel 41,Room 290,Double,User 790,user790@example.com,+1-800-555-0790
2024-06-26,Hotel 42,Room 291,Single,User 791,user791@example.com,+1-800-555-0791
2024-06-25,Hotel 43,Room 292,Double,User 792,user792@example.com,+1-800-555-0792
2024-06-24,Hotel 44,Room 293,Double,User 793,user793@example.com,+1-800-555-0793
2024-06-23,Hotel 45,Room 294,Single,User 794,user794@example.com,+1-800-555-0794
2024-06-22,Hotel 46,Room 295,Double,User 795,user795@example.com,+1-800-555-0795
2024-06-21,Hotel 47,Room 296,Double,User 796,user796@example.com,+1-800-555-0796
2024-06-20,Hotel 48,Room 297,Single,User 797,user797@example.com,+1-800-555-0797
2024-06-19,Hotel 49,Room 298,Double,User 798,user798@example.com,+1-800-555-0798
2024-06-18,Hotel 50,Room 299,Double,User 799,user799@example.com,+1-800-555-0799
2024-06-17,Hotel 1,Room 300,Single,User 800,user800@example.com,+1-800-555-0800
2024-06-16,Hotel 2,Room 301,Double,User 801,user801@example.com,+1-800-555-0801
2024-06-15,Hotel 3,Room 302,Double,User 802,user802@example.com,+1-800-555-0802
2024-06-14,Hotel 4,Room 303,Single,User 803,user803@example.com,+1-800-555-0803
2024-06-13,Hotel 5,Room 304,Double,User 804,user804@example.com,+1-800-555-0804
2024-06-12,Hotel 6,Room 305,Double,User 805,user805@example.com,+1-800-555-0805
2024-06-11,Hotel 7,Room 306,Single,User 806,user806@example.com,+1-800-555-0806
2024-06-10,Hotel 8,Room 307,Double,User 807,user807@example.com,+1-800-555-0807
2024-06-09,Hotel 9,Room 308,Double,User 808,user808@example.com,+1-800-555-0808
2024-06-08,Hotel 10,Room 309,Single,User 809,user809@example.com,+1-800-555-0809
2024-06-07,Hotel 11,Room 310,Double,User 810,user810@example.com,+1-800-555-0810
2024-06-06,Hotel 12,Room 311,Double,User 811,user811@example.com,+1-800-555-0811
2024-06-05,Hotel 13,Room 312,Single,User 812,user812@example.com,+1-800-555-0812
2024-06-04,Hotel 14,Room 313,Double,User 813,user813@example.com,+1-800-555-0813
2024-06-03,Hotel 15,Room 314,Double,User 814,user814@example.com,+1-800-555-0814
2024-06-02,Hotel 16,Room 315,Single,User 815,user815@example.com,+1-800-555-0815
2024-06-01,Hotel 17,Room 316,Double,User 816,user816@example.com,+1-800-555-0816
2024-05-31,Hotel 18,Room 317,Double,User 817,user817@example.com,+1-800-555-0817
2024-05-30,Hotel 19,Room 318,Single,User 818,user818@example.com,+1-800-555-0818
2024-05-29,Hotel 20,Room 319,Double,User 819,user819@example.com,+1-800-555-0819
2024-05-28,Hotel 21,Room 320,Double,User 820,user820@example.com,+1-800-555-0820
2024-05-27,Hotel 22,Room 321,Single,User 821,user821@example.com,+1-800-555-0821
2024-05-26,Hotel 23,Room 322,Double,User 822,user822@example.com,+1-800-555-0822
2024-05-25,Hotel 24,Room 323,Double,User 823,user823@example.com,+1-800-555-0823
2024-05-24,Hotel 25,Room 324,Single,User 824,user824@example.com,+1-800-555-0824
2024-05-23,Hotel 26,Room 325,Double,User 825,user825@example.com,+1-800-555-0825
2024-05-22,Hotel 27,Room 326,Double,User 826,user826@example.com,+1-800-555-0826
2024-05-21,Hotel 28,Room 327,Single,User 827,user827@example.com,+1-800-555-0827
2024-05-20,Hotel 29,Room 328,Double,User 828,user828@example.com,+1-800-555-0828
2024-05-19,Hotel 30,Room 329,Double,User 829,user829@example.com,+1-800-555-0829
2024-05-18,Hotel 31,Room 330,Single,User 830,user830@example.com,+1-800-555-0830
2024-05-17,Hotel 32,Room 331,Double,User 831,user831@example.com,+1-800-555-0831
2024-05-16,Hotel 33,Room 332,Double,User 832,user832@example.com,+1-800-555-0832
2024-05-15,Hotel 34,Room 333,Single,User 833,user833@example.com,+1-800-555-0833
2024-05-14,Hotel 35,Room 334,Double,User 834,user834@example.com,+1-800-555-0834
2024-05-13,Hotel 36,Room 335,Double,User 835,user835@example.com,+1-800-555-0835
2024-05-12,Hotel 37,Room 336,Single,User 836,user836@example.com,+1-800-555-0836
2024-05-11,Hotel 38,Room 337,Double,User 837,user837@example.com,+1-800-555-0837
2024-05-10,Hotel 39,Room 338,Double,User 838,user838@example.com,+1-800-555-0838
2024-05-09,Hotel 40,Room 339,Single,User 839,user839@example.com,+1-800-555-0839
2024-05-08,Hotel 41,Room 340,Double,User 840,user840@example.com,+1-800-555-0840
2024-05-07,Hotel 42,Room 341,Double,User 841,user841@example.com,+1-800-555-0841
2024-05-06,Hotel 43,Room 342,Single,User 842,user842@example.com,+1-800-555-0842
2024-05-05,Hotel 44,Room 343,Double,User 843,user843@example.com,+1-800-555-0843
2024-05-04,Hotel 45,Room 344,Double,User 844,user844@example.com,+1-800-555-0844
2024-05-03,Hotel 46,Room 345,Single,User 845,user845@example.com,+1-800-555-0845
2024-05-02,Hotel 47,Room 346,Double,User 846,user846@example.com,+1-800-555-0846
2024-05-01,Hotel 48,Room 347,Double,User 847,user847@example.com,+1-800-555-0847
2024-04-30,Hotel 49,Room 348,Single,User 848,user848@example.com,+1-800-555-0848
2024-04-29,Hotel 50,Room 349,Double,User 849,user849@example.com,+1-800-555-0849
2024-04-28,Hotel 1,Room 350,Double,User 850,user850@example.com,+1-800-555-0850
2024-04-27,Hotel 2,Room 351,Single,User 851,user851@example.com,+1-800-555-0851
2024-04-26,Hotel 3,Room 352,Double,User 852,user852@example.com,+1-800-555-0852
2024-04-25,Hotel 4,Room 353,Double,User 853,user853@example.com,+1-800-555-0853
2024-04-24,Hotel 5,Room 354,Single,User 854,user854@example.com,+1-800-555-0854
2024-04-23,Hotel 6,Room 355,Double,User 855,user855@example.com,+1-800-555-0855
2024-04-22,Hotel 7,Room 356,Double,User 856,user856@example.com,+1-800-555-0856
2024-04-21,Hotel 8,Room 357,Single,User 857,user857@example.com,+1-800-555-0857
2024-04-20,Hotel 9,Room 358,Double,User 858,user858@example.com,+1-800-555-0858
2024-04-19,Hotel 10,Room 359,Double,User 859,user859@example.com,+1-800-555-0859
2024-04-18,Hotel 11,Room 360,Single,User 860,user860@example.com,+1-800-555-0860
2024-04-17,Hotel 12,Room 361,Double,User 861,user861@example.com,+1-800-555-0861
2024-04-16,Hotel 13,Room 362,Double,User 862,user862@example.com,+1-800-555-0862
2024-04-15,Hotel 14,Room 363,Single,User 863,user863@example.com,+1-800-555-0863
2024-04-14,Hotel 15,Room 364,Double,User 864,user864@example.com,+1-800-555-0864
2024-04-13,Hotel 16,Room 365,Double,User 865,user865@example.com,+1-800-555-0865
2024-04-12,Hotel 17,Room 366,Single,User 866,user866@example.com,+1-800-555-0866
2024-04-11,Hotel 18,Room 367,Double,User 867,user867@example.com,+1-800-555-0867
2024-04-10,Hotel 19,Room 368,Double,User 868,user868@example.com,+1-800-555-0868
2024-04-09,Hotel 20,Room 369,Single,User 869,user869@example.com,+1-800-555-0869
2024-04-08,Hotel 21,Room 370,Double,User 870,user870@example.com,+1-800-555-0870
2024-04-07,Hotel 22,Room 371,Double,User 871,user871@example.com,+1-800-555-0871
2024-04-06,Hotel 23,Room 372,Single,User 872,user872@example.com,+1-800-555-0872
2024-04-05,Hotel 24,Room 373,Double,User 873,user873@example.com,+1-800-555-0873
2024-04-04,Hotel 25,Room 374,Double,User 874,user874@example.com,+1-800-555-0874
2024-04-03,Hotel 26,Room 375,Single,User 875,user875@example.com,+1-800-555-0875
2024-04-02,Hotel 27,Room 376,Double,User 876,user876@example.com,+1-800-555-0876
2024-04-01,Hotel 28,Room 377,Double,User 877,user877@example.com,+1-800-555-0877
2024-03-31,Hotel 29,Room 378,Single,User 878,user878@example.com,+1-800-555-0878
2024-03-30,Hotel 30,Room 379,Double,User 879,user879@example.com,+1-800-555-0879
2024-03-29,Hotel 31,Room 380,Double,User 880,user880@example.com,+1-800-555-0880
2024-03-28,Hotel 32,Room 381,Single,User 881,user881@example.com,+1-800-555-0881
2024-03-27,Hotel 33,Room 382,Double,User 882,user882@example.com,+1-800-555-0882
2024-03-26,Hotel 34,Room 383,Double,User 883,user883@example.com,+1-800-555-0883
2024-03-25,Hotel 35,Room 384,Single,User 884,user884@example.com,+1-800-555-0884
2024-03-24,Hotel 36,Room 385,Double,User 885,user885@example.com,+1-800-555-0885
2024-03-23,Hotel 37,Room 386,Double,User 886,user886@example.com,+1-800-555-0886
2024-03-22,Hotel 38,Room 387,Single,User 887,user887@example.com,+1-800-555-0887
2024-03-21,Hotel 39,Room 388,Double,User 888,user888@example.com,+1-800-555-0888
2024-03-20,Hotel 40,Room 389,Double,User 889,user889@example.com,+1-800-555-0889
2024-03-19,Hotel 41,Room 390,Single,User 890,user890@example.com,+1-800-555-0890
2024-03-18,Hotel 42,Room 391,Double,User 891,user891@example.com,+1-800-555-0891
2024-03-17,Hotel 43,Room 392,Double,User 892,user892@example.com,+1-800-555-0892
2024-03-16,Hotel 44,Room 393,Single,User 893,user893@example.com,+1-800-555-0893
2024-03-15,Hotel 45,Room 394,Double,User 894,user894@example.com,+1-800-555-0894
2024-03-14,Hotel 46,Room 395,Double,User 895,user895@example.com,+1-800-555-0895
2024-03-13,Hotel 47,Room 396,Single,User 896,user896@example.com,+1-800-555-0896
2024-03-12,Hotel 48,Room 397,Double,User 897,user897@example.com,+1-800-555-0897
2024-03-11,Hotel 49,Room 398,Double,User 898,user898@example.com,+1-800-555-0898
2024-03-10,Hotel 50,Room 399,Single,User 899,user899@example.com,+1-800-555-0899
2024-03-09,Hotel 1,Room 400,Double,User 900,user900@example.com,+1-800-555-0900
2024-03-08,Hotel 2,Room 401,Double,User 901,user901@example.com,+1-800-555-0901
2024-03-07,Hotel 3,Room 402,Single,User 902,user902@example.com,+1-800-555-0902
2024-03-06,Hotel 4,Room 403,Double,User 903,user903@example.com,+1-800-555-0903
2024-03-05,Hotel 5,Room 404,Double,User 904,user904@example.com,+1-800-555-0904
2024-03-04,Hotel 6,Room 405,Single,User 905,user905@example.com,+1-800-555-0905
2024-03-03,Hotel 7,Room 406,Double,User 906,user906@example.com,+1-800-555-0906
2024-03-02,Hotel 8,Room 407,Double,User 907,user907@example.com,+1-800-555-0907
2024-03-01,Hotel 9,Room 408,Single,User 908,user908@example.com,+1-800-555-0908
2024-02-29,Hotel 10,Room 409,Double,User 909,user909@example.com,+1-800-555-0909
2024-02-28,Hotel 11,Room 410,Double,User 910,user910@example.com,+1-800-555-0910
2024-02-27,Hotel 12,Room 411,Single,User 911,user911@example.com,+1-800-555-0911
2024-02-26,Hotel 13,Room 412,Double,User 912,user912@example.com,+1-800-555-0912
2024-02-25,Hotel 14,Room 413,Double,User 913,user913@example.com,+1-800-555-0913
2024-02-24,Hotel 15,Room 414,Single,User 914,user914@example.com,+1-800-555-0914
2024-02-23,Hotel 16,Room 415,Double,User 915,user915@example.com,+1-800-555-0915
2024-02-22,Hotel 17,Room 416,Double,User 916,user916@example.com,+1-800-555-0916
2024-02-21,Hotel 18,Room 417,Single,User 917,user917@example.com,+1-800-555-0917
2024-02-20,Hotel 19,Room 418,Double,User 918,user918@example.com,+1-800-555-0918
2024-02-19,Hotel 20,Room 419,Double,User 919,user919@example.com,+1-800-555-0919
2024-02-18,Hotel 21,Room 420,Single,User 920,user920@example.com,+1-800-555-0920
2024-02-17,Hotel 22,Room 421,Double,User 921,user921@example.com,+1-800-555-0921
2024-02-16,Hotel 23,Room 422,Double,User 922,user922@example.com,+1-800-555-0922
2024-02-15,Hotel 24,Room 423,Single,User 923,user923@example.com,+1-800-555-0923
2024-02-14,Hotel 25,Room 424,Double,User 924,user924@example.com,+1-800-555-0924
2024-02-13,Hotel 26,Room 425,Double,User 925,user925@example.com,+1-800-555-0925
2024-02-12,Hotel 27,Room 426,Single,User 926,user926@example.com,+1-800-555-0926
2024-02-11,Hotel 28,Room 427,Double,User 927,user927@example.com,+1-800-555-0927
2024-02-10,Hotel 29,Room 428,Double,User 928,user928@example.com,+1-800-555-0928
2024-02-09,Hotel 30,Room 429,Single,User 929,user929@example.com,+1-800-555-0929
2024-02-08,Hotel 31,Room 430,Double,User 930,user930@example.com,+1-800-555-0930
2024-02-07,Hotel 32,Room 431,Double,User 931,user931@example.com,+1-800-555-0931
2024-02-06,Hotel 33,Room 432,Single,User 932,user932@example.com,+1-800-555-0932
2024-02-05,Hotel 34,Room 433,Double,User 933,user933@example.com,+1-800-555-0933
2024-02-04,Hotel 35,Room 434,Double,User 934,user934@example.com,+1-800-555-0934
2024-02-03,Hotel 36,Room 435,Single,User 935,user935@example.com,+1-800-555-0935
2024-02-02,Hotel 37,Room 436,Double,User 936,user936@example.com,+1-800-555-0936
2024-02-01,Hotel 38,Room 437,Double,User 937,user937@example.com,+1-800-555-0937
2024-01-31,Hotel 39,Room 438,Single,User 938,user938@example.com,+1-800-555-0938
2024-01-30,Hotel 40,Room 439,Double,User 939,user939@example.com,+1-800-555-0939
2024-01-29,Hotel 41,Room 440,Double,User 940,user940@example.com,+1-800-555-0940
2024-01-28,Hotel 42,Room 441,Single,User 941,user941@example.com,+1-800-555-0941
2024-01-27,Hotel 43,Room 442,Double,User 942,user942@example.com,+1-800-555-0942
2024-01-26,Hotel 44,Room 443,Double,User 943,user943@example.com,+1-800-555-0943
2024-01-25,Hotel 45,Room 444,Single,User 944,user944@example.com,+1-800-555-0944
2024-01-24,Hotel 46,Room 445,Double,User 945,user945@example.com,+1-800-555-0945
2024-01-23,Hotel 47,Room 446,Double,User 946,user946@example.com,+1-800-555-0946
2024-01-22,Hotel 48,Room 447,Single,User 947,user947@example.com,+1-800-555-0947
2024-01-21,Hotel 49,Room 448,Double,User 948,user948@example.com,+1-800-555-0948
2024-01-20,Hotel 50,Room 449,Double,User 949,user949@example.com,+1-800-555-0949
2024-01-19,Hotel 1,Room 450,Single,User 950,user950@example.com,+1-800-555-0950
2024-01-18,Hotel 2,Room 451,Double,User 951,user951@example.com,+1-800-555-0951
2024-01-17,Hotel 3,Room 452,Double,User 952,user952@example.com,+1-800-555-0952
2024-01-16,Hotel 4,Room 453,Single,User 953,user953@example.com,+1-800-555-0953
2024-01-15,Hotel 5,Room 454,Double,User 954,user954@example.com,+1-800-555-0954
2024-01-14,Hotel 6,Room 455,Double,User 955,user955@example.com,+1-800-555-0955
2024-01-13,Hotel 7,Room 456,Single,User 956,user956@example.com,+1-800-555-0956
2024-01-12,Hotel 8,Room 457,Double,User 957,user957@example.com,+1-800-555-0957
2024-01-11,Hotel 9,Room 458,Double,User 958,user958@example.com,+1-800-555-0958
2024-01-10,Hotel 10,Room 459,Single,User 959,user959@example.com,+1-800-555-0959
2024-01-09,Hotel 11,Room 460,Double,User 960,user960@example.com,+1-800-555-0960
2024-01-08,Hotel 12,Room 461,Double,User 961,user961@example.com,+1-800-555-0961
2024-01-07,Hotel 13,Room 462,Single,User 962,user962@example.com,+1-800-555-0962
2024-01-06,Hotel 14,Room 463,Double,User 963,user963@example.com,+1-800-555-0963
2024-01-05,Hotel 15,Room 464,Double,User 964,user964@example.com,+1-800-555-0964
2024-01-04,Hotel 16,Room 465,Single,User 965,user965@example.com,+1-800-555-0965
2024-01-03,Hotel 17,Room 466,Double,User 966,user966@example.com,+1-800-555-0966
2024-01-02,Hotel 18,Room 467,Double,User 967,user967@example.com,+1-800-555-0967
2024-01-01,Hotel 19,Room 468,Single,User 968,user968@example.com,+1-800-555-0968
2023-12-31,Hotel 20,Room 469,Double,User 969,user969@example.com,+1-800-555-0969
2023-12-30,Hotel 21,Room 470,Double,User 970,user970@example.com,+1-800-555-0970
2023-12-29,Hotel 22,Room 471,Single,User 971,user971@example.com,+1-800-555-0971
2023-12-28,Hotel 23,Room 472,Double,User 972,user972@example.com,+1-800-555-0972
2023-12-27,Hotel 24,Room 473,Double,User 973,user973@example.com,+1-800-555-0973
2023-12-26,Hotel 25,Room 474,Single,User 974,user974@example.com,+1-800-555-0974
2023-12-25,Hotel 26,Room 475,Double,User 975,user975@example.com,+1-800-555-0975
2023-12-24,Hotel 27,Room 476,Double,User 976,user976@example.com,+1-800-555-0976
2023-12-23,Hotel 28,Room 477,Single,User 977,user977@example.com,+1-800-555-0977
2023-12-22,Hotel 29,Room 478,Double,User 978,user978@example.com,+1-800-555-0978
2023-12-21,Hotel 30,Room 479,Double,User 979,user979@example.com,+1-800-555-0979
2023-12-20,Hotel 31,Room 480,Single,User 980,user980@example.com,+1-800-555-0980
2023-12-19,Hotel 32,Room 481,Double,User 981,user981@example.com,+1-800-555-0981
2023-12-18,Hotel 33,Room 482,Double,User 982,user982@example.com,+1-800-555-0982
2023-12-17,Hotel 34,Room 483,Single,User 983,user983@example.com,+1-800-555-0983
2023-12-16,Hotel 35,Room 484,Double,User 984,user984@example.com,+1-800-555-0984
2023-12-15,Hotel 36,Room 485,Double,User 985,user985@example.com,+1-800-555-0985
2023-12-14,Hotel 37,Room 486,Single,User 986,user986@example.com,+1-800-555-0986
2023-12-13,Hotel 38,Room 487,Double,User 987,user987@example.com,+1-800-555-0987
2023-12-12,Hotel 39,Room 488,Double,User 988,user988@example.com,+1-800-555-0988
2023-12-11,Hotel 40,Room 489,Single,User 989,user989@example.com,+1-800-555-0989
2023-12-10,Hotel 41,Room 490,Double,User 990,user990@example.com,+1-800-555-0990
2023-12-09,Hotel 42,Room 491,Double,User 991,user991@example.com,+1-800-555-0991
2023-12-08,Hotel 43,Room 492,Single,User 992,user992@example.com,+1-800-555-0992
2023-12-07,Hotel 44,Room 493,Double,User 993,user993@example.com,+1-800-555-0993
2023-12-06,Hotel 45,Room 494,Double,User 994,user994@example.com,+1-800-555-0994
2023-12-05,Hotel 46,Room 495,Single,User 995,user995@example.com,+1-800-555-0995
2023-12-04,Hotel 47,Room 496,Double,User 996,user996@example.com,+1-800-555-0996
2023-12-03,Hotel 48,Room 497,Double,User 997,user997@example.com,+1-800-555-0997
2023-12-02,Hotel 49,Room 498,Single,User 998,user998@example.com,+1-800-555-0998
2023-12-01,Hotel 50,Room 499,Double,User 999,user999@example.com,+1-800-555-0999
2023-11-30,Hotel 1,Room 500,Double,User 1000,user1000@example.com,+1-800-555-1000
2023-11-29,Hotel 2,Room 1,Double,User 1,user1@example.com,+1-800-555-0001
